date,tag,asset,download_count
2026-09-28,"v0.1.0","Riffle-0.1.0-1.x86_64.rpm",0
2026-09-28,"v0.1.0","Riffle-0.1.0-1.x86_64.rpm.sig",0
2026-09-28,"v0.1.0","Riffle_0.1.0_aarch64.dmg",0
2026-09-28,"v0.1.0","Riffle_0.1.0_amd64.AppImage",0
2026-09-28,"v0.1.0","Riffle_0.1.0_amd64.AppImage.sig",0
2026-09-28,"v0.1.0","Riffle_0.1.0_amd64.deb",0
2026-09-28,"v0.1.0","Riffle_0.1.0_amd64.deb.sig",0
2026-09-28,"v0.1.0","Riffle_0.1.0_x64-setup.exe",0
2026-09-28,"v0.1.0","Riffle_0.1.0_x64-setup.exe.sig",0
2026-09-28,"v0.1.0","Riffle_0.1.0_x64.dmg",0
2026-09-28,"v0.1.0","Riffle_0.1.0_x64_en-US.msi",0
2026-09-28,"v0.1.0","Riffle_0.1.0_x64_en-US.msi.sig",0
2026-09-28,"v0.1.0","Riffle_aarch64.app.tar.gz",0
2026-09-28,"v0.1.0","Riffle_aarch64.app.tar.gz.sig",0
2026-09-28,"v0.1.0","Riffle_x64.app.tar.gz",0
2026-09-28,"v0.1.0","Riffle_x64.app.tar.gz.sig",0
2026-09-28,"v0.1.0","latest.json",14
2026-09-28,"v0.1.1","Riffle-0.1.1-1.x86_64.rpm",0
2026-09-28,"v0.1.1","Riffle-0.1.1-1.x86_64.rpm.sig",0
2026-09-28,"v0.1.1","Riffle_0.1.1_aarch64.dmg",1
2026-09-28,"v0.1.1","Riffle_0.1.1_amd64.AppImage",0
2026-09-28,"v0.1.1","Riffle_0.1.1_amd64.AppImage.sig",0
2026-09-28,"v0.1.1","Riffle_0.1.1_amd64.deb",0
2026-09-28,"v0.1.1","Riffle_0.1.1_amd64.deb.sig",0
2026-09-28,"v0.1.1","Riffle_0.1.1_x64-setup.exe",0
2026-09-28,"v0.1.1","Riffle_0.1.1_x64-setup.exe.sig",0
2026-09-28,"v0.1.1","Riffle_0.1.1_x64.dmg",0
2026-09-28,"v0.1.1","Riffle_0.1.1_x64_en-US.msi",0
2026-09-28,"v0.1.1","Riffle_0.1.1_x64_en-US.msi.sig",0
2026-09-28,"v0.1.1","Riffle_aarch64.app.tar.gz",0
2026-09-28,"v0.1.1","Riffle_aarch64.app.tar.gz.sig",0
2026-09-28,"v0.1.1","Riffle_x64.app.tar.gz",0
2026-09-28,"v0.1.1","Riffle_x64.app.tar.gz.sig",0
2026-09-28,"v0.1.1","latest.json",6
2026-09-28,"v0.1.10","Riffle-0.1.10-1.x86_64.rpm",0
2026-09-28,"v0.1.10","Riffle-0.1.10-1.x86_64.rpm.sig",0
2026-09-28,"v0.1.10","Riffle_0.1.10_aarch64.dmg",0
2026-09-28,"v0.1.10","Riffle_0.1.10_amd64.AppImage",0
2026-09-28,"v0.1.10","Riffle_0.1.10_amd64.AppImage.sig",0
2026-09-28,"v0.1.10","Riffle_0.1.10_amd64.deb",0
2026-09-28,"v0.1.10","Riffle_0.1.10_amd64.deb.sig",0
2026-09-28,"v0.1.10","Riffle_0.1.10_x64-setup.exe",0
2026-09-28,"v0.1.10","Riffle_0.1.10_x64-setup.exe.sig",0
2026-09-28,"v0.1.10","Riffle_0.1.10_x64.dmg",0
2026-09-28,"v0.1.10","Riffle_0.1.10_x64_en-US.msi",0
2026-09-28,"v0.1.10","Riffle_0.1.10_x64_en-US.msi.sig",0
2026-09-28,"v0.1.10","Riffle_aarch64.app.tar.gz",0
2026-09-28,"v0.1.10","Riffle_aarch64.app.tar.gz.sig",0
2026-09-28,"v0.1.10","Riffle_x64.app.tar.gz",0
2026-09-28,"v0.1.10","Riffle_x64.app.tar.gz.sig",0
2026-09-28,"v0.1.10","latest.json",5
2026-09-28,"v0.1.2","Riffle-0.1.2-1.x86_64.rpm",0
2026-09-28,"v0.1.2","Riffle-0.1.2-1.x86_64.rpm.sig",0
2026-09-28,"v0.1.2","Riffle_0.1.2_aarch64.dmg",0
2026-09-28,"v0.1.2","Riffle_0.1.2_amd64.AppImage",0
2026-09-28,"v0.1.2","Riffle_0.1.2_amd64.AppImage.sig",0
2026-09-28,"v0.1.2","Riffle_0.1.2_amd64.deb",0
2026-09-28,"v0.1.2","Riffle_0.1.2_amd64.deb.sig",0
2026-09-28,"v0.1.2","Riffle_0.1.2_x64-setup.exe",1
2026-09-28,"v0.1.2","Riffle_0.1.2_x64-setup.exe.sig",0
2026-09-28,"v0.1.2","Riffle_0.1.2_x64.dmg",0
2026-09-28,"v0.1.2","Riffle_0.1.2_x64_en-US.msi",0
2026-09-28,"v0.1.2","Riffle_0.1.2_x64_en-US.msi.sig",0
2026-09-28,"v0.1.2","Riffle_aarch64.app.tar.gz",1
2026-09-28,"v0.1.2","Riffle_aarch64.app.tar.gz.sig",0
2026-09-28,"v0.1.2","Riffle_x64.app.tar.gz",0
2026-09-28,"v0.1.2","Riffle_x64.app.tar.gz.sig",0
2026-09-28,"v0.1.2","latest.json",3
2026-09-28,"v0.1.3","Riffle-0.1.3-1.x86_64.rpm",0
2026-09-28,"v0.1.3","Riffle-0.1.3-1.x86_64.rpm.sig",0
2026-09-28,"v0.1.3","Riffle_0.1.3_aarch64.dmg",0
2026-09-28,"v0.1.3","Riffle_0.1.3_amd64.AppImage",0
2026-09-28,"v0.1.3","Riffle_0.1.3_amd64.AppImage.sig",0
2026-09-28,"v0.1.3","Riffle_0.1.3_amd64.deb",0
2026-09-28,"v0.1.3","Riffle_0.1.3_amd64.deb.sig",0
2026-09-28,"v0.1.3","Riffle_0.1.3_x64-setup.exe",1
2026-09-28,"v0.1.3","Riffle_0.1.3_x64-setup.exe.sig",0
2026-09-28,"v0.1.3","Riffle_0.1.3_x64.dmg",0
2026-09-28,"v0.1.3","Riffle_0.1.3_x64_en-US.msi",0
2026-09-28,"v0.1.3","Riffle_0.1.3_x64_en-US.msi.sig",0
2026-09-28,"v0.1.3","Riffle_aarch64.app.tar.gz",0
2026-09-28,"v0.1.3","Riffle_aarch64.app.tar.gz.sig",0
2026-09-28,"v0.1.3","Riffle_x64.app.tar.gz",0
2026-09-28,"v0.1.3","Riffle_x64.app.tar.gz.sig",0
2026-09-28,"v0.1.3","latest.json",0
2026-09-28,"v0.1.4","Riffle-0.1.4-1.x86_64.rpm",0
2026-09-28,"v0.1.4","Riffle-0.1.4-1.x86_64.rpm.sig",0
2026-09-28,"v0.1.4","Riffle_0.1.4_aarch64.dmg",0
2026-09-28,"v0.1.4","Riffle_0.1.4_amd64.AppImage",0
2026-09-28,"v0.1.4","Riffle_0.1.4_amd64.AppImage.sig",0
2026-09-28,"v0.1.4","Riffle_0.1.4_amd64.deb",0
2026-09-28,"v0.1.4","Riffle_0.1.4_amd64.deb.sig",0
2026-09-28,"v0.1.4","Riffle_0.1.4_x64-setup.exe",0
2026-09-28,"v0.1.4","Riffle_0.1.4_x64-setup.exe.sig",0
2026-09-28,"v0.1.4","Riffle_0.1.4_x64.dmg",0
2026-09-28,"v0.1.4","Riffle_0.1.4_x64_en-US.msi",0
2026-09-28,"v0.1.4","Riffle_0.1.4_x64_en-US.msi.sig",0
2026-09-28,"v0.1.4","Riffle_aarch64.app.tar.gz",0
2026-09-28,"v0.1.4","Riffle_aarch64.app.tar.gz.sig",0
2026-09-28,"v0.1.4","Riffle_x64.app.tar.gz",0
2026-09-28,"v0.1.4","Riffle_x64.app.tar.gz.sig",0
2026-09-28,"v0.1.4","latest.json",4
2026-09-28,"v0.1.5","Riffle-0.1.5-1.x86_64.rpm",0
2026-09-28,"v0.1.5","Riffle-0.1.5-1.x86_64.rpm.sig",0
2026-09-28,"v0.1.5","Riffle_0.1.5_aarch64.dmg",0
2026-09-28,"v0.1.5","Riffle_0.1.5_amd64.AppImage",0
2026-09-28,"v0.1.5","Riffle_0.1.5_amd64.AppImage.sig",0
2026-09-28,"v0.1.5","Riffle_0.1.5_amd64.deb",0
2026-09-28,"v0.1.5","Riffle_0.1.5_amd64.deb.sig",0
2026-09-28,"v0.1.5","Riffle_0.1.5_x64-setup.exe",1
2026-09-28,"v0.1.5","Riffle_0.1.5_x64-setup.exe.sig",0
2026-09-28,"v0.1.5","Riffle_0.1.5_x64.dmg",0
2026-09-28,"v0.1.5","Riffle_0.1.5_x64_en-US.msi",0
2026-09-28,"v0.1.5","Riffle_0.1.5_x64_en-US.msi.sig",0
2026-09-28,"v0.1.5","Riffle_aarch64.app.tar.gz",1
2026-09-28,"v0.1.5","Riffle_aarch64.app.tar.gz.sig",0
2026-09-28,"v0.1.5","Riffle_x64.app.tar.gz",0
2026-09-28,"v0.1.5","Riffle_x64.app.tar.gz.sig",0
2026-09-28,"v0.1.5","latest.json",15
2026-09-28,"v0.1.6","Riffle-0.1.6-1.x86_64.rpm",0
2026-09-28,"v0.1.6","Riffle-0.1.6-1.x86_64.rpm.sig",0
2026-09-28,"v0.1.6","Riffle_0.1.6_aarch64.dmg",0
2026-09-28,"v0.1.6","Riffle_0.1.6_amd64.AppImage",0
2026-09-28,"v0.1.6","Riffle_0.1.6_amd64.AppImage.sig",0
2026-09-28,"v0.1.6","Riffle_0.1.6_amd64.deb",0
2026-09-28,"v0.1.6","Riffle_0.1.6_amd64.deb.sig",0
2026-09-28,"v0.1.6","Riffle_0.1.6_x64-setup.exe",0
2026-09-28,"v0.1.6","Riffle_0.1.6_x64-setup.exe.sig",0
2026-09-28,"v0.1.6","Riffle_0.1.6_x64.dmg",0
2026-09-28,"v0.1.6","Riffle_0.1.6_x64_en-US.msi",0
2026-09-28,"v0.1.6","Riffle_0.1.6_x64_en-US.msi.sig",0
2026-09-28,"v0.1.6","Riffle_aarch64.app.tar.gz",0
2026-09-28,"v0.1.6","Riffle_aarch64.app.tar.gz.sig",0
2026-09-28,"v0.1.6","Riffle_x64.app.tar.gz",0
2026-09-28,"v0.1.6","Riffle_x64.app.tar.gz.sig",0
2026-09-28,"v0.1.6","latest.json",10
2026-09-28,"v0.1.7","Riffle-0.1.7-1.x86_64.rpm",0
2026-09-28,"v0.1.7","Riffle-0.1.7-1.x86_64.rpm.sig",0
2026-09-28,"v0.1.7","Riffle_0.1.7_aarch64.dmg",0
2026-09-28,"v0.1.7","Riffle_0.1.7_amd64.AppImage",0
2026-09-28,"v0.1.7","Riffle_0.1.7_amd64.AppImage.sig",0
2026-09-28,"v0.1.7","Riffle_0.1.7_amd64.deb",0
2026-09-28,"v0.1.7","Riffle_0.1.7_amd64.deb.sig",0
2026-09-28,"v0.1.7","Riffle_0.1.7_x64-setup.exe",0
2026-09-28,"v0.1.7","Riffle_0.1.7_x64-setup.exe.sig",0
2026-09-28,"v0.1.7","Riffle_0.1.7_x64.dmg",0
2026-09-28,"v0.1.7","Riffle_0.1.7_x64_en-US.msi",0
2026-09-28,"v0.1.7","Riffle_0.1.7_x64_en-US.msi.sig",0
2026-09-28,"v0.1.7","Riffle_aarch64.app.tar.gz",0
2026-09-28,"v0.1.7","Riffle_aarch64.app.tar.gz.sig",0
2026-09-28,"v0.1.7","Riffle_x64.app.tar.gz",0
2026-09-28,"v0.1.7","Riffle_x64.app.tar.gz.sig",0
2026-09-28,"v0.1.7","latest.json",13
2026-09-28,"v0.1.8","Riffle-0.1.8-1.x86_64.rpm",0
2026-09-28,"v0.1.8","Riffle-0.1.8-1.x86_64.rpm.sig",0
2026-09-28,"v0.1.8","Riffle_0.1.8_aarch64.dmg",0
2026-09-28,"v0.1.8","Riffle_0.1.8_amd64.AppImage",0
2026-09-28,"v0.1.8","Riffle_0.1.8_amd64.AppImage.sig",0
2026-09-28,"v0.1.8","Riffle_0.1.8_amd64.deb",0
2026-09-28,"v0.1.8","Riffle_0.1.8_amd64.deb.sig",0
2026-09-28,"v0.1.8","Riffle_0.1.8_x64-setup.exe",0
2026-09-28,"v0.1.8","Riffle_0.1.8_x64-setup.exe.sig",0
2026-09-28,"v0.1.8","Riffle_0.1.8_x64.dmg",0
2026-09-28,"v0.1.8","Riffle_0.1.8_x64_en-US.msi",0
2026-09-28,"v0.1.8","Riffle_0.1.8_x64_en-US.msi.sig",0
2026-09-28,"v0.1.8","Riffle_aarch64.app.tar.gz",1
2026-09-28,"v0.1.8","Riffle_aarch64.app.tar.gz.sig",0
2026-09-28,"v0.1.8","Riffle_x64.app.tar.gz",0
2026-09-28,"v0.1.8","Riffle_x64.app.tar.gz.sig",0
2026-09-28,"v0.1.8","latest.json",19
2026-09-28,"v0.1.9","Riffle-0.1.9-1.x86_64.rpm",0
2026-09-28,"v0.1.9","Riffle-0.1.9-1.x86_64.rpm.sig",0
2026-09-28,"v0.1.9","Riffle_0.1.9_aarch64.dmg",0
2026-09-28,"v0.1.9","Riffle_0.1.9_amd64.AppImage",0
2026-09-28,"v0.1.9","Riffle_0.1.9_amd64.AppImage.sig",0
2026-09-28,"v0.1.9","Riffle_0.1.9_amd64.deb",0
2026-09-28,"v0.1.9","Riffle_0.1.9_amd64.deb.sig",0
2026-09-28,"v0.1.9","Riffle_0.1.9_x64-setup.exe",2
2026-09-28,"v0.1.9","Riffle_0.1.9_x64-setup.exe.sig",0
2026-09-28,"v0.1.9","Riffle_0.1.9_x64.dmg",0
2026-09-28,"v0.1.9","Riffle_0.1.9_x64_en-US.msi",0
2026-09-28,"v0.1.9","Riffle_0.1.9_x64_en-US.msi.sig",0
2026-09-28,"v0.1.9","Riffle_aarch64.app.tar.gz",0
2026-09-28,"v0.1.9","Riffle_aarch64.app.tar.gz.sig",0
2026-09-28,"v0.1.9","Riffle_x64.app.tar.gz",0
2026-09-28,"v0.1.9","Riffle_x64.app.tar.gz.sig",0
2026-09-28,"v0.1.9","latest.json",18
2026-09-28,"v0.2.0","Riffle-0.2.0-1.x86_64.rpm",0
2026-09-28,"v0.2.0","Riffle-0.2.0-1.x86_64.rpm.sig",0
2026-09-28,"v0.2.0","Riffle_0.2.0_aarch64.dmg",0
2026-09-28,"v0.2.0","Riffle_0.2.0_amd64.AppImage",0
2026-09-28,"v0.2.0","Riffle_0.2.0_amd64.AppImage.sig",0
2026-09-28,"v0.2.0","Riffle_0.2.0_amd64.deb",0
2026-09-28,"v0.2.0","Riffle_0.2.0_amd64.deb.sig",0
2026-09-28,"v0.2.0","Riffle_0.2.0_x64-setup.exe",1
2026-09-28,"v0.2.0","Riffle_0.2.0_x64-setup.exe.sig",0
2026-09-28,"v0.2.0","Riffle_0.2.0_x64.dmg",0
2026-09-28,"v0.2.0","Riffle_0.2.0_x64_en-US.msi",0
2026-09-28,"v0.2.0","Riffle_0.2.0_x64_en-US.msi.sig",0
2026-09-28,"v0.2.0","Riffle_aarch64.app.tar.gz",0
2026-09-28,"v0.2.0","Riffle_aarch64.app.tar.gz.sig",0
2026-09-28,"v0.2.0","Riffle_x64.app.tar.gz",0
2026-09-28,"v0.2.0","Riffle_x64.app.tar.gz.sig",0
2026-09-28,"v0.2.0","latest.json",2
2026-09-28,"v0.2.1","Riffle-0.2.1-1.x86_64.rpm",0
2026-09-28,"v0.2.1","Riffle-0.2.1-1.x86_64.rpm.sig",0
2026-09-28,"v0.2.1","Riffle_0.2.1_aarch64.dmg",0
2026-09-28,"v0.2.1","Riffle_0.2.1_amd64.AppImage",1
2026-09-28,"v0.2.1","Riffle_0.2.1_amd64.AppImage.sig",0
2026-09-28,"v0.2.1","Riffle_0.2.1_amd64.deb",0
2026-09-28,"v0.2.1","Riffle_0.2.1_amd64.deb.sig",0
2026-09-28,"v0.2.1","Riffle_0.2.1_x64-setup.exe",0
2026-09-28,"v0.2.1","Riffle_0.2.1_x64-setup.exe.sig",0
2026-09-28,"v0.2.1","Riffle_0.2.1_x64.dmg",0
2026-09-28,"v0.2.1","Riffle_0.2.1_x64_en-US.msi",0
2026-09-28,"v0.2.1","Riffle_0.2.1_x64_en-US.msi.sig",0
2026-09-28,"v0.2.1","Riffle_aarch64.app.tar.gz",0
2026-09-28,"v0.2.1","Riffle_aarch64.app.tar.gz.sig",0
2026-09-28,"v0.2.1","Riffle_x64.app.tar.gz",0
2026-09-28,"v0.2.1","Riffle_x64.app.tar.gz.sig",0
2026-09-28,"v0.2.1","latest.json",3
2026-09-28,"v0.2.2","Riffle-0.2.2-1.x86_64.rpm",0
2026-09-28,"v0.2.2","Riffle-0.2.2-1.x86_64.rpm.sig",0
2026-09-28,"v0.2.2","Riffle_0.2.2_aarch64.dmg",0
2026-09-28,"v0.2.2","Riffle_0.2.2_amd64.AppImage",0
2026-09-28,"v0.2.2","Riffle_0.2.2_amd64.AppImage.sig",0
2026-09-28,"v0.2.2","Riffle_0.2.2_amd64.deb",0
2026-09-28,"v0.2.2","Riffle_0.2.2_amd64.deb.sig",0
2026-09-28,"v0.2.2","Riffle_0.2.2_x64-setup.exe",1
2026-09-28,"v0.2.2","Riffle_0.2.2_x64-setup.exe.sig",0
2026-09-28,"v0.2.2","Riffle_0.2.2_x64.dmg",0
2026-09-28,"v0.2.2","Riffle_0.2.2_x64_en-US.msi",0
2026-09-28,"v0.2.2","Riffle_0.2.2_x64_en-US.msi.sig",0
2026-09-28,"v0.2.2","Riffle_aarch64.app.tar.gz",0
2026-09-28,"v0.2.2","Riffle_aarch64.app.tar.gz.sig",0
2026-09-28,"v0.2.2","Riffle_x64.app.tar.gz",0
2026-09-28,"v0.2.2","Riffle_x64.app.tar.gz.sig",0
2026-09-28,"v0.2.2","latest.json",1
2026-09-28,"v0.3.0","Riffle-0.3.0-1.x86_64.rpm",0
2026-09-28,"v0.3.0","Riffle-0.3.0-1.x86_64.rpm.sig",0
2026-09-28,"v0.3.0","Riffle_0.3.0_aarch64.dmg",0
2026-09-28,"v0.3.0","Riffle_0.3.0_amd64.AppImage",0
2026-09-28,"v0.3.0","Riffle_0.3.0_amd64.AppImage.sig",0
2026-09-28,"v0.3.0","Riffle_0.3.0_amd64.deb",0
2026-09-28,"v0.3.0","Riffle_0.3.0_amd64.deb.sig",0
2026-09-28,"v0.3.0","Riffle_0.3.0_x64-setup.exe",1
2026-09-28,"v0.3.0","Riffle_0.3.0_x64-setup.exe.sig",0
2026-09-28,"v0.3.0","Riffle_0.3.0_x64.dmg",0
2026-09-28,"v0.3.0","Riffle_0.3.0_x64_en-US.msi",0
2026-09-28,"v0.3.0","Riffle_0.3.0_x64_en-US.msi.sig",0
2026-09-28,"v0.3.0","Riffle_aarch64.app.tar.gz",0
2026-09-28,"v0.3.0","Riffle_aarch64.app.tar.gz.sig",0
2026-09-28,"v0.3.0","Riffle_x64.app.tar.gz",0
2026-09-28,"v0.3.0","Riffle_x64.app.tar.gz.sig",0
2026-09-28,"v0.3.0","latest.json",7
2026-09-28,"v0.3.1","Riffle-0.3.1-1.x86_64.rpm",0
2026-09-28,"v0.3.1","Riffle-0.3.1-1.x86_64.rpm.sig",0
2026-09-28,"v0.3.1","Riffle_0.3.1_aarch64.dmg",0
2026-09-28,"v0.3.1","Riffle_0.3.1_amd64.AppImage",0
2026-09-28,"v0.3.1","Riffle_0.3.1_amd64.AppImage.sig",0
2026-09-28,"v0.3.1","Riffle_0.3.1_amd64.deb",0
2026-09-28,"v0.3.1","Riffle_0.3.1_amd64.deb.sig",0
2026-09-28,"v0.3.1","Riffle_0.3.1_x64-setup.exe",2
2026-09-28,"v0.3.1","Riffle_0.3.1_x64-setup.exe.sig",0
2026-09-28,"v0.3.1","Riffle_0.3.1_x64.dmg",0
2026-09-28,"v0.3.1","Riffle_0.3.1_x64_en-US.msi",0
2026-09-28,"v0.3.1","Riffle_0.3.1_x64_en-US.msi.sig",0
2026-09-28,"v0.3.1","Riffle_aarch64.app.tar.gz",1
2026-09-28,"v0.3.1","Riffle_aarch64.app.tar.gz.sig",0
2026-09-28,"v0.3.1","Riffle_x64.app.tar.gz",0
2026-09-28,"v0.3.1","Riffle_x64.app.tar.gz.sig",0
2026-09-28,"v0.3.1","latest.json",4
2026-09-28,"v0.4.0","Riffle-0.4.0-1.x86_64.rpm",0
2026-09-28,"v0.4.0","Riffle-0.4.0-1.x86_64.rpm.sig",0
2026-09-28,"v0.4.0","Riffle_0.4.0_aarch64.dmg",0
2026-09-28,"v0.4.0","Riffle_0.4.0_amd64.AppImage",0
2026-09-28,"v0.4.0","Riffle_0.4.0_amd64.AppImage.sig",0
2026-09-28,"v0.4.0","Riffle_0.4.0_amd64.deb",0
2026-09-28,"v0.4.0","Riffle_0.4.0_amd64.deb.sig",0
2026-09-28,"v0.4.0","Riffle_0.4.0_x64-setup.exe",1
2026-09-28,"v0.4.0","Riffle_0.4.0_x64-setup.exe.sig",0
2026-09-28,"v0.4.0","Riffle_0.4.0_x64.dmg",0
2026-09-28,"v0.4.0","Riffle_0.4.0_x64_en-US.msi",0
2026-09-28,"v0.4.0","Riffle_0.4.0_x64_en-US.msi.sig",0
2026-09-28,"v0.4.0","Riffle_aarch64.app.tar.gz",0
2026-09-28,"v0.4.0","Riffle_aarch64.app.tar.gz.sig",0
2026-09-28,"v0.4.0","Riffle_x64.app.tar.gz",0
2026-09-28,"v0.4.0","Riffle_x64.app.tar.gz.sig",0
2026-09-28,"v0.4.0","latest.json",26
2026-09-28,"v1.0.0","Riffle-1.0.0-1.x86_64.rpm",0
2026-09-28,"v1.0.0","Riffle-1.0.0-1.x86_64.rpm.sig",0
2026-09-28,"v1.0.0","Riffle_1.0.0_aarch64.dmg",0
2026-09-28,"v1.0.0","Riffle_1.0.0_amd64.AppImage",0
2026-09-28,"v1.0.0","Riffle_1.0.0_amd64.AppImage.sig",0
2026-09-28,"v1.0.0","Riffle_1.0.0_amd64.deb",0
2026-09-28,"v1.0.0","Riffle_1.0.0_amd64.deb.sig",0
2026-09-28,"v1.0.0","Riffle_1.0.0_x64-setup.exe",1
2026-09-28,"v1.0.0","Riffle_1.0.0_x64-setup.exe.sig",0
2026-09-28,"v1.0.0","Riffle_1.0.0_x64.dmg",0
2026-09-28,"v1.0.0","Riffle_1.0.0_x64_en-US.msi",0
2026-09-28,"v1.0.0","Riffle_1.0.0_x64_en-US.msi.sig",0
2026-09-28,"v1.0.0","Riffle_aarch64.app.tar.gz",0
2026-09-28,"v1.0.0","Riffle_aarch64.app.tar.gz.sig",0
2026-09-28,"v1.0.0","Riffle_x64.app.tar.gz",0
2026-09-28,"v1.0.0","Riffle_x64.app.tar.gz.sig",0
2026-09-28,"v1.0.0","latest.json",7
2026-09-28,"v1.1.0","Riffle-1.1.0-1.x86_64.rpm",0
2026-09-28,"v1.1.0","Riffle-1.1.0-1.x86_64.rpm.sig",0
2026-09-28,"v1.1.0","Riffle_1.1.0_aarch64.dmg",0
2026-09-28,"v1.1.0","Riffle_1.1.0_amd64.AppImage",0
2026-09-28,"v1.1.0","Riffle_1.1.0_amd64.AppImage.sig",0
2026-09-28,"v1.1.0","Riffle_1.1.0_amd64.deb",0
2026-09-28,"v1.1.0","Riffle_1.1.0_amd64.deb.sig",0
2026-09-28,"v1.1.0","Riffle_1.1.0_x64-setup.exe",0
2026-09-28,"v1.1.0","Riffle_1.1.0_x64-setup.exe.sig",0
2026-09-28,"v1.1.0","Riffle_1.1.0_x64.dmg",0
2026-09-28,"v1.1.0","Riffle_1.1.0_x64_en-US.msi",0
2026-09-28,"v1.1.0","Riffle_1.1.0_x64_en-US.msi.sig",0
2026-09-28,"v1.1.0","Riffle_aarch64.app.tar.gz",0
2026-09-28,"v1.1.0","Riffle_aarch64.app.tar.gz.sig",0
2026-09-28,"v1.1.0","Riffle_x64.app.tar.gz",0
2026-09-28,"v1.1.0","Riffle_x64.app.tar.gz.sig",0
2026-09-28,"v1.1.0","latest.json",1
2026-09-29,"v0.1.0","Riffle-0.1.0-1.x86_64.rpm",0
2026-09-29,"v0.1.0","Riffle-0.1.0-1.x86_64.rpm.sig",0
2026-09-29,"v0.1.0","Riffle_0.1.0_aarch64.dmg",0
2026-09-29,"v0.1.0","Riffle_0.1.0_amd64.AppImage",0
2026-09-29,"v0.1.0","Riffle_0.1.0_amd64.AppImage.sig",0
2026-09-29,"v0.1.0","Riffle_0.1.0_amd64.deb",0
2026-09-29,"v0.1.0","Riffle_0.1.0_amd64.deb.sig",0
2026-09-29,"v0.1.0","Riffle_0.1.0_x64-setup.exe",0
2026-09-29,"v0.1.0","Riffle_0.1.0_x64-setup.exe.sig",0
2026-09-29,"v0.1.0","Riffle_0.1.0_x64.dmg",0
2026-09-29,"v0.1.0","Riffle_0.1.0_x64_en-US.msi",0
2026-09-29,"v0.1.0","Riffle_0.1.0_x64_en-US.msi.sig",0
2026-09-29,"v0.1.0","Riffle_aarch64.app.tar.gz",0
2026-09-29,"v0.1.0","Riffle_aarch64.app.tar.gz.sig",0
2026-09-29,"v0.1.0","Riffle_x64.app.tar.gz",0
2026-09-29,"v0.1.0","Riffle_x64.app.tar.gz.sig",0
2026-09-29,"v0.1.0","latest.json",14
2026-09-29,"v0.1.1","Riffle-0.1.1-1.x86_64.rpm",0
2026-09-29,"v0.1.1","Riffle-0.1.1-1.x86_64.rpm.sig",0
2026-09-29,"v0.1.1","Riffle_0.1.1_aarch64.dmg",1
2026-09-29,"v0.1.1","Riffle_0.1.1_amd64.AppImage",0
2026-09-29,"v0.1.1","Riffle_0.1.1_amd64.AppImage.sig",0
2026-09-29,"v0.1.1","Riffle_0.1.1_amd64.deb",0
2026-09-29,"v0.1.1","Riffle_0.1.1_amd64.deb.sig",0
2026-09-29,"v0.1.1","Riffle_0.1.1_x64-setup.exe",0
2026-09-29,"v0.1.1","Riffle_0.1.1_x64-setup.exe.sig",0
2026-09-29,"v0.1.1","Riffle_0.1.1_x64.dmg",0
2026-09-29,"v0.1.1","Riffle_0.1.1_x64_en-US.msi",0
2026-09-29,"v0.1.1","Riffle_0.1.1_x64_en-US.msi.sig",0
2026-09-29,"v0.1.1","Riffle_aarch64.app.tar.gz",0
2026-09-29,"v0.1.1","Riffle_aarch64.app.tar.gz.sig",0
2026-09-29,"v0.1.1","Riffle_x64.app.tar.gz",0
2026-09-29,"v0.1.1","Riffle_x64.app.tar.gz.sig",0
2026-09-29,"v0.1.1","latest.json",6
2026-09-29,"v0.1.10","Riffle-0.1.10-1.x86_64.rpm",0
2026-09-29,"v0.1.10","Riffle-0.1.10-1.x86_64.rpm.sig",0
2026-09-29,"v0.1.10","Riffle_0.1.10_aarch64.dmg",0
2026-09-29,"v0.1.10","Riffle_0.1.10_amd64.AppImage",0
2026-09-29,"v0.1.10","Riffle_0.1.10_amd64.AppImage.sig",0
2026-09-29,"v0.1.10","Riffle_0.1.10_amd64.deb",0
2026-09-29,"v0.1.10","Riffle_0.1.10_amd64.deb.sig",0
2026-09-29,"v0.1.10","Riffle_0.1.10_x64-setup.exe",0
2026-09-29,"v0.1.10","Riffle_0.1.10_x64-setup.exe.sig",0
2026-09-29,"v0.1.10","Riffle_0.1.10_x64.dmg",0
2026-09-29,"v0.1.10","Riffle_0.1.10_x64_en-US.msi",0
2026-09-29,"v0.1.10","Riffle_0.1.10_x64_en-US.msi.sig",0
2026-09-29,"v0.1.10","Riffle_aarch64.app.tar.gz",0
2026-09-29,"v0.1.10","Riffle_aarch64.app.tar.gz.sig",0
2026-09-29,"v0.1.10","Riffle_x64.app.tar.gz",0
2026-09-29,"v0.1.10","Riffle_x64.app.tar.gz.sig",0
2026-09-29,"v0.1.10","latest.json",5
2026-09-29,"v0.1.2","Riffle-0.1.2-1.x86_64.rpm",0
2026-09-29,"v0.1.2","Riffle-0.1.2-1.x86_64.rpm.sig",0
2026-09-29,"v0.1.2","Riffle_0.1.2_aarch64.dmg",0
2026-09-29,"v0.1.2","Riffle_0.1.2_amd64.AppImage",0
2026-09-29,"v0.1.2","Riffle_0.1.2_amd64.AppImage.sig",0
2026-09-29,"v0.1.2","Riffle_0.1.2_amd64.deb",0
2026-09-29,"v0.1.2","Riffle_0.1.2_amd64.deb.sig",0
2026-09-29,"v0.1.2","Riffle_0.1.2_x64-setup.exe",1
2026-09-29,"v0.1.2","Riffle_0.1.2_x64-setup.exe.sig",0
2026-09-29,"v0.1.2","Riffle_0.1.2_x64.dmg",0
2026-09-29,"v0.1.2","Riffle_0.1.2_x64_en-US.msi",0
2026-09-29,"v0.1.2","Riffle_0.1.2_x64_en-US.msi.sig",0
2026-09-29,"v0.1.2","Riffle_aarch64.app.tar.gz",1
2026-09-29,"v0.1.2","Riffle_aarch64.app.tar.gz.sig",0
2026-09-29,"v0.1.2","Riffle_x64.app.tar.gz",0
2026-09-29,"v0.1.2","Riffle_x64.app.tar.gz.sig",0
2026-09-29,"v0.1.2","latest.json",3
2026-09-29,"v0.1.3","Riffle-0.1.3-1.x86_64.rpm",0
2026-09-29,"v0.1.3","Riffle-0.1.3-1.x86_64.rpm.sig",0
2026-09-29,"v0.1.3","Riffle_0.1.3_aarch64.dmg",0
2026-09-29,"v0.1.3","Riffle_0.1.3_amd64.AppImage",0
2026-09-29,"v0.1.3","Riffle_0.1.3_amd64.AppImage.sig",0
2026-09-29,"v0.1.3","Riffle_0.1.3_amd64.deb",0
2026-09-29,"v0.1.3","Riffle_0.1.3_amd64.deb.sig",0
2026-09-29,"v0.1.3","Riffle_0.1.3_x64-setup.exe",1
2026-09-29,"v0.1.3","Riffle_0.1.3_x64-setup.exe.sig",0
2026-09-29,"v0.1.3","Riffle_0.1.3_x64.dmg",0
2026-09-29,"v0.1.3","Riffle_0.1.3_x64_en-US.msi",0
2026-09-29,"v0.1.3","Riffle_0.1.3_x64_en-US.msi.sig",0
2026-09-29,"v0.1.3","Riffle_aarch64.app.tar.gz",0
2026-09-29,"v0.1.3","Riffle_aarch64.app.tar.gz.sig",0
2026-09-29,"v0.1.3","Riffle_x64.app.tar.gz",0
2026-09-29,"v0.1.3","Riffle_x64.app.tar.gz.sig",0
2026-09-29,"v0.1.3","latest.json",0
2026-09-29,"v0.1.4","Riffle-0.1.4-1.x86_64.rpm",0
2026-09-29,"v0.1.4","Riffle-0.1.4-1.x86_64.rpm.sig",0
2026-09-29,"v0.1.4","Riffle_0.1.4_aarch64.dmg",0
2026-09-29,"v0.1.4","Riffle_0.1.4_amd64.AppImage",0
2026-09-29,"v0.1.4","Riffle_0.1.4_amd64.AppImage.sig",0
2026-09-29,"v0.1.4","Riffle_0.1.4_amd64.deb",0
2026-09-29,"v0.1.4","Riffle_0.1.4_amd64.deb.sig",0
2026-09-29,"v0.1.4","Riffle_0.1.4_x64-setup.exe",0
2026-09-29,"v0.1.4","Riffle_0.1.4_x64-setup.exe.sig",0
2026-09-29,"v0.1.4","Riffle_0.1.4_x64.dmg",0
2026-09-29,"v0.1.4","Riffle_0.1.4_x64_en-US.msi",0
2026-09-29,"v0.1.4","Riffle_0.1.4_x64_en-US.msi.sig",0
2026-09-29,"v0.1.4","Riffle_aarch64.app.tar.gz",0
2026-09-29,"v0.1.4","Riffle_aarch64.app.tar.gz.sig",0
2026-09-29,"v0.1.4","Riffle_x64.app.tar.gz",0
2026-09-29,"v0.1.4","Riffle_x64.app.tar.gz.sig",0
2026-09-29,"v0.1.4","latest.json",4
2026-09-29,"v0.1.5","Riffle-0.1.5-1.x86_64.rpm",0
2026-09-29,"v0.1.5","Riffle-0.1.5-1.x86_64.rpm.sig",0
2026-09-29,"v0.1.5","Riffle_0.1.5_aarch64.dmg",0
2026-09-29,"v0.1.5","Riffle_0.1.5_amd64.AppImage",0
2026-09-29,"v0.1.5","Riffle_0.1.5_amd64.AppImage.sig",0
2026-09-29,"v0.1.5","Riffle_0.1.5_amd64.deb",0
2026-09-29,"v0.1.5","Riffle_0.1.5_amd64.deb.sig",0
2026-09-29,"v0.1.5","Riffle_0.1.5_x64-setup.exe",1
2026-09-29,"v0.1.5","Riffle_0.1.5_x64-setup.exe.sig",0
2026-09-29,"v0.1.5","Riffle_0.1.5_x64.dmg",0
2026-09-29,"v0.1.5","Riffle_0.1.5_x64_en-US.msi",0
2026-09-29,"v0.1.5","Riffle_0.1.5_x64_en-US.msi.sig",0
2026-09-29,"v0.1.5","Riffle_aarch64.app.tar.gz",1
2026-09-29,"v0.1.5","Riffle_aarch64.app.tar.gz.sig",0
2026-09-29,"v0.1.5","Riffle_x64.app.tar.gz",0
2026-09-29,"v0.1.5","Riffle_x64.app.tar.gz.sig",0
2026-09-29,"v0.1.5","latest.json",15
2026-09-29,"v0.1.6","Riffle-0.1.6-1.x86_64.rpm",0
2026-09-29,"v0.1.6","Riffle-0.1.6-1.x86_64.rpm.sig",0
2026-09-29,"v0.1.6","Riffle_0.1.6_aarch64.dmg",0
2026-09-29,"v0.1.6","Riffle_0.1.6_amd64.AppImage",0
2026-09-29,"v0.1.6","Riffle_0.1.6_amd64.AppImage.sig",0
2026-09-29,"v0.1.6","Riffle_0.1.6_amd64.deb",0
2026-09-29,"v0.1.6","Riffle_0.1.6_amd64.deb.sig",0
2026-09-29,"v0.1.6","Riffle_0.1.6_x64-setup.exe",0
2026-09-29,"v0.1.6","Riffle_0.1.6_x64-setup.exe.sig",0
2026-09-29,"v0.1.6","Riffle_0.1.6_x64.dmg",0
2026-09-29,"v0.1.6","Riffle_0.1.6_x64_en-US.msi",0
2026-09-29,"v0.1.6","Riffle_0.1.6_x64_en-US.msi.sig",0
2026-09-29,"v0.1.6","Riffle_aarch64.app.tar.gz",0
2026-09-29,"v0.1.6","Riffle_aarch64.app.tar.gz.sig",0
2026-09-29,"v0.1.6","Riffle_x64.app.tar.gz",0
2026-09-29,"v0.1.6","Riffle_x64.app.tar.gz.sig",0
2026-09-29,"v0.1.6","latest.json",10
2026-09-29,"v0.1.7","Riffle-0.1.7-1.x86_64.rpm",0
2026-09-29,"v0.1.7","Riffle-0.1.7-1.x86_64.rpm.sig",0
2026-09-29,"v0.1.7","Riffle_0.1.7_aarch64.dmg",0
2026-09-29,"v0.1.7","Riffle_0.1.7_amd64.AppImage",0
2026-09-29,"v0.1.7","Riffle_0.1.7_amd64.AppImage.sig",0
2026-09-29,"v0.1.7","Riffle_0.1.7_amd64.deb",0
2026-09-29,"v0.1.7","Riffle_0.1.7_amd64.deb.sig",0
2026-09-29,"v0.1.7","Riffle_0.1.7_x64-setup.exe",0
2026-09-29,"v0.1.7","Riffle_0.1.7_x64-setup.exe.sig",0
2026-09-29,"v0.1.7","Riffle_0.1.7_x64.dmg",0
2026-09-29,"v0.1.7","Riffle_0.1.7_x64_en-US.msi",0
2026-09-29,"v0.1.7","Riffle_0.1.7_x64_en-US.msi.sig",0
2026-09-29,"v0.1.7","Riffle_aarch64.app.tar.gz",0
2026-09-29,"v0.1.7","Riffle_aarch64.app.tar.gz.sig",0
2026-09-29,"v0.1.7","Riffle_x64.app.tar.gz",0
2026-09-29,"v0.1.7","Riffle_x64.app.tar.gz.sig",0
2026-09-29,"v0.1.7","latest.json",13
2026-09-29,"v0.1.8","Riffle-0.1.8-1.x86_64.rpm",0
2026-09-29,"v0.1.8","Riffle-0.1.8-1.x86_64.rpm.sig",0
2026-09-29,"v0.1.8","Riffle_0.1.8_aarch64.dmg",0
2026-09-29,"v0.1.8","Riffle_0.1.8_amd64.AppImage",0
2026-09-29,"v0.1.8","Riffle_0.1.8_amd64.AppImage.sig",0
2026-09-29,"v0.1.8","Riffle_0.1.8_amd64.deb",0
2026-09-29,"v0.1.8","Riffle_0.1.8_amd64.deb.sig",0
2026-09-29,"v0.1.8","Riffle_0.1.8_x64-setup.exe",0
2026-09-29,"v0.1.8","Riffle_0.1.8_x64-setup.exe.sig",0
2026-09-29,"v0.1.8","Riffle_0.1.8_x64.dmg",0
2026-09-29,"v0.1.8","Riffle_0.1.8_x64_en-US.msi",0
2026-09-29,"v0.1.8","Riffle_0.1.8_x64_en-US.msi.sig",0
2026-09-29,"v0.1.8","Riffle_aarch64.app.tar.gz",1
2026-09-29,"v0.1.8","Riffle_aarch64.app.tar.gz.sig",0
2026-09-29,"v0.1.8","Riffle_x64.app.tar.gz",0
2026-09-29,"v0.1.8","Riffle_x64.app.tar.gz.sig",0
2026-09-29,"v0.1.8","latest.json",19
2026-09-29,"v0.1.9","Riffle-0.1.9-1.x86_64.rpm",0
2026-09-29,"v0.1.9","Riffle-0.1.9-1.x86_64.rpm.sig",0
2026-09-29,"v0.1.9","Riffle_0.1.9_aarch64.dmg",0
2026-09-29,"v0.1.9","Riffle_0.1.9_amd64.AppImage",0
2026-09-29,"v0.1.9","Riffle_0.1.9_amd64.AppImage.sig",0
2026-09-29,"v0.1.9","Riffle_0.1.9_amd64.deb",0
2026-09-29,"v0.1.9","Riffle_0.1.9_amd64.deb.sig",0
2026-09-29,"v0.1.9","Riffle_0.1.9_x64-setup.exe",2
2026-09-29,"v0.1.9","Riffle_0.1.9_x64-setup.exe.sig",0
2026-09-29,"v0.1.9","Riffle_0.1.9_x64.dmg",0
2026-09-29,"v0.1.9","Riffle_0.1.9_x64_en-US.msi",0
2026-09-29,"v0.1.9","Riffle_0.1.9_x64_en-US.msi.sig",0
2026-09-29,"v0.1.9","Riffle_aarch64.app.tar.gz",0
2026-09-29,"v0.1.9","Riffle_aarch64.app.tar.gz.sig",0
2026-09-29,"v0.1.9","Riffle_x64.app.tar.gz",0
2026-09-29,"v0.1.9","Riffle_x64.app.tar.gz.sig",0
2026-09-29,"v0.1.9","latest.json",18
2026-09-29,"v0.2.0","Riffle-0.2.0-1.x86_64.rpm",0
2026-09-29,"v0.2.0","Riffle-0.2.0-1.x86_64.rpm.sig",0
2026-09-29,"v0.2.0","Riffle_0.2.0_aarch64.dmg",0
2026-09-29,"v0.2.0","Riffle_0.2.0_amd64.AppImage",0
2026-09-29,"v0.2.0","Riffle_0.2.0_amd64.AppImage.sig",0
2026-09-29,"v0.2.0","Riffle_0.2.0_amd64.deb",0
2026-09-29,"v0.2.0","Riffle_0.2.0_amd64.deb.sig",0
2026-09-29,"v0.2.0","Riffle_0.2.0_x64-setup.exe",1
2026-09-29,"v0.2.0","Riffle_0.2.0_x64-setup.exe.sig",0
2026-09-29,"v0.2.0","Riffle_0.2.0_x64.dmg",0
2026-09-29,"v0.2.0","Riffle_0.2.0_x64_en-US.msi",0
2026-09-29,"v0.2.0","Riffle_0.2.0_x64_en-US.msi.sig",0
2026-09-29,"v0.2.0","Riffle_aarch64.app.tar.gz",0
2026-09-29,"v0.2.0","Riffle_aarch64.app.tar.gz.sig",0
2026-09-29,"v0.2.0","Riffle_x64.app.tar.gz",0
2026-09-29,"v0.2.0","Riffle_x64.app.tar.gz.sig",0
2026-09-29,"v0.2.0","latest.json",2
2026-09-29,"v0.2.1","Riffle-0.2.1-1.x86_64.rpm",0
2026-09-29,"v0.2.1","Riffle-0.2.1-1.x86_64.rpm.sig",0
2026-09-29,"v0.2.1","Riffle_0.2.1_aarch64.dmg",0
2026-09-29,"v0.2.1","Riffle_0.2.1_amd64.AppImage",1
2026-09-29,"v0.2.1","Riffle_0.2.1_amd64.AppImage.sig",0
2026-09-29,"v0.2.1","Riffle_0.2.1_amd64.deb",0
2026-09-29,"v0.2.1","Riffle_0.2.1_amd64.deb.sig",0
2026-09-29,"v0.2.1","Riffle_0.2.1_x64-setup.exe",0
2026-09-29,"v0.2.1","Riffle_0.2.1_x64-setup.exe.sig",0
2026-09-29,"v0.2.1","Riffle_0.2.1_x64.dmg",0
2026-09-29,"v0.2.1","Riffle_0.2.1_x64_en-US.msi",0
2026-09-29,"v0.2.1","Riffle_0.2.1_x64_en-US.msi.sig",0
2026-09-29,"v0.2.1","Riffle_aarch64.app.tar.gz",0
2026-09-29,"v0.2.1","Riffle_aarch64.app.tar.gz.sig",0
2026-09-29,"v0.2.1","Riffle_x64.app.tar.gz",0
2026-09-29,"v0.2.1","Riffle_x64.app.tar.gz.sig",0
2026-09-29,"v0.2.1","latest.json",3
2026-09-29,"v0.2.2","Riffle-0.2.2-1.x86_64.rpm",0
2026-09-29,"v0.2.2","Riffle-0.2.2-1.x86_64.rpm.sig",0
2026-09-29,"v0.2.2","Riffle_0.2.2_aarch64.dmg",0
2026-09-29,"v0.2.2","Riffle_0.2.2_amd64.AppImage",0
2026-09-29,"v0.2.2","Riffle_0.2.2_amd64.AppImage.sig",0
2026-09-29,"v0.2.2","Riffle_0.2.2_amd64.deb",0
2026-09-29,"v0.2.2","Riffle_0.2.2_amd64.deb.sig",0
2026-09-29,"v0.2.2","Riffle_0.2.2_x64-setup.exe",1
2026-09-29,"v0.2.2","Riffle_0.2.2_x64-setup.exe.sig",0
2026-09-29,"v0.2.2","Riffle_0.2.2_x64.dmg",0
2026-09-29,"v0.2.2","Riffle_0.2.2_x64_en-US.msi",0
2026-09-29,"v0.2.2","Riffle_0.2.2_x64_en-US.msi.sig",0
2026-09-29,"v0.2.2","Riffle_aarch64.app.tar.gz",0
2026-09-29,"v0.2.2","Riffle_aarch64.app.tar.gz.sig",0
2026-09-29,"v0.2.2","Riffle_x64.app.tar.gz",0
2026-09-29,"v0.2.2","Riffle_x64.app.tar.gz.sig",0
2026-09-29,"v0.2.2","latest.json",1
2026-09-29,"v0.3.0","Riffle-0.3.0-1.x86_64.rpm",0
2026-09-29,"v0.3.0","Riffle-0.3.0-1.x86_64.rpm.sig",0
2026-09-29,"v0.3.0","Riffle_0.3.0_aarch64.dmg",0
2026-09-29,"v0.3.0","Riffle_0.3.0_amd64.AppImage",0
2026-09-29,"v0.3.0","Riffle_0.3.0_amd64.AppImage.sig",0
2026-09-29,"v0.3.0","Riffle_0.3.0_amd64.deb",0
2026-09-29,"v0.3.0","Riffle_0.3.0_amd64.deb.sig",0
2026-09-29,"v0.3.0","Riffle_0.3.0_x64-setup.exe",1
2026-09-29,"v0.3.0","Riffle_0.3.0_x64-setup.exe.sig",0
2026-09-29,"v0.3.0","Riffle_0.3.0_x64.dmg",0
2026-09-29,"v0.3.0","Riffle_0.3.0_x64_en-US.msi",0
2026-09-29,"v0.3.0","Riffle_0.3.0_x64_en-US.msi.sig",0
2026-09-29,"v0.3.0","Riffle_aarch64.app.tar.gz",0
2026-09-29,"v0.3.0","Riffle_aarch64.app.tar.gz.sig",0
2026-09-29,"v0.3.0","Riffle_x64.app.tar.gz",0
2026-09-29,"v0.3.0","Riffle_x64.app.tar.gz.sig",0
2026-09-29,"v0.3.0","latest.json",7
2026-09-29,"v0.3.1","Riffle-0.3.1-1.x86_64.rpm",0
2026-09-29,"v0.3.1","Riffle-0.3.1-1.x86_64.rpm.sig",0
2026-09-29,"v0.3.1","Riffle_0.3.1_aarch64.dmg",0
2026-09-29,"v0.3.1","Riffle_0.3.1_amd64.AppImage",0
2026-09-29,"v0.3.1","Riffle_0.3.1_amd64.AppImage.sig",0
2026-09-29,"v0.3.1","Riffle_0.3.1_amd64.deb",0
2026-09-29,"v0.3.1","Riffle_0.3.1_amd64.deb.sig",0
2026-09-29,"v0.3.1","Riffle_0.3.1_x64-setup.exe",2
2026-09-29,"v0.3.1","Riffle_0.3.1_x64-setup.exe.sig",0
2026-09-29,"v0.3.1","Riffle_0.3.1_x64.dmg",0
2026-09-29,"v0.3.1","Riffle_0.3.1_x64_en-US.msi",0
2026-09-29,"v0.3.1","Riffle_0.3.1_x64_en-US.msi.sig",0
2026-09-29,"v0.3.1","Riffle_aarch64.app.tar.gz",1
2026-09-29,"v0.3.1","Riffle_aarch64.app.tar.gz.sig",0
2026-09-29,"v0.3.1","Riffle_x64.app.tar.gz",0
2026-09-29,"v0.3.1","Riffle_x64.app.tar.gz.sig",0
2026-09-29,"v0.3.1","latest.json",4
2026-09-29,"v0.4.0","Riffle-0.4.0-1.x86_64.rpm",0
2026-09-29,"v0.4.0","Riffle-0.4.0-1.x86_64.rpm.sig",0
2026-09-29,"v0.4.0","Riffle_0.4.0_aarch64.dmg",0
2026-09-29,"v0.4.0","Riffle_0.4.0_amd64.AppImage",0
2026-09-29,"v0.4.0","Riffle_0.4.0_amd64.AppImage.sig",0
2026-09-29,"v0.4.0","Riffle_0.4.0_amd64.deb",0
2026-09-29,"v0.4.0","Riffle_0.4.0_amd64.deb.sig",0
2026-09-29,"v0.4.0","Riffle_0.4.0_x64-setup.exe",1
2026-09-29,"v0.4.0","Riffle_0.4.0_x64-setup.exe.sig",0
2026-09-29,"v0.4.0","Riffle_0.4.0_x64.dmg",0
2026-09-29,"v0.4.0","Riffle_0.4.0_x64_en-US.msi",0
2026-09-29,"v0.4.0","Riffle_0.4.0_x64_en-US.msi.sig",0
2026-09-29,"v0.4.0","Riffle_aarch64.app.tar.gz",0
2026-09-29,"v0.4.0","Riffle_aarch64.app.tar.gz.sig",0
2026-09-29,"v0.4.0","Riffle_x64.app.tar.gz",0
2026-09-29,"v0.4.0","Riffle_x64.app.tar.gz.sig",0
2026-09-29,"v0.4.0","latest.json",26
2026-09-29,"v1.0.0","Riffle-1.0.0-1.x86_64.rpm",0
2026-09-29,"v1.0.0","Riffle-1.0.0-1.x86_64.rpm.sig",0
2026-09-29,"v1.0.0","Riffle_1.0.0_aarch64.dmg",0
2026-09-29,"v1.0.0","Riffle_1.0.0_amd64.AppImage",0
2026-09-29,"v1.0.0","Riffle_1.0.0_amd64.AppImage.sig",0
2026-09-29,"v1.0.0","Riffle_1.0.0_amd64.deb",0
2026-09-29,"v1.0.0","Riffle_1.0.0_amd64.deb.sig",0
2026-09-29,"v1.0.0","Riffle_1.0.0_x64-setup.exe",1
2026-09-29,"v1.0.0","Riffle_1.0.0_x64-setup.exe.sig",0
2026-09-29,"v1.0.0","Riffle_1.0.0_x64.dmg",0
2026-09-29,"v1.0.0","Riffle_1.0.0_x64_en-US.msi",0
2026-09-29,"v1.0.0","Riffle_1.0.0_x64_en-US.msi.sig",0
2026-09-29,"v1.0.0","Riffle_aarch64.app.tar.gz",0
2026-09-29,"v1.0.0","Riffle_aarch64.app.tar.gz.sig",0
2026-09-29,"v1.0.0","Riffle_x64.app.tar.gz",0
2026-09-29,"v1.0.0","Riffle_x64.app.tar.gz.sig",0
2026-09-29,"v1.0.0","latest.json",7
2026-09-29,"v1.1.0","Riffle-1.1.0-1.x86_64.rpm",0
2026-09-29,"v1.1.0","Riffle-1.1.0-1.x86_64.rpm.sig",0
2026-09-29,"v1.1.0","Riffle_1.1.0_aarch64.dmg",0
2026-09-29,"v1.1.0","Riffle_1.1.0_amd64.AppImage",0
2026-09-29,"v1.1.0","Riffle_1.1.0_amd64.AppImage.sig",0
2026-09-29,"v1.1.0","Riffle_1.1.0_amd64.deb",0
2026-09-29,"v1.1.0","Riffle_1.1.0_amd64.deb.sig",0
2026-09-29,"v1.1.0","Riffle_1.1.0_x64-setup.exe",0
2026-09-29,"v1.1.0","Riffle_1.1.0_x64-setup.exe.sig",0
2026-09-29,"v1.1.0","Riffle_1.1.0_x64.dmg",0
2026-09-29,"v1.1.0","Riffle_1.1.0_x64_en-US.msi",0
2026-09-29,"v1.1.0","Riffle_1.1.0_x64_en-US.msi.sig",0
2026-09-29,"v1.1.0","Riffle_aarch64.app.tar.gz",0
2026-09-29,"v1.1.0","Riffle_aarch64.app.tar.gz.sig",0
2026-09-29,"v1.1.0","Riffle_x64.app.tar.gz",0
2026-09-29,"v1.1.0","Riffle_x64.app.tar.gz.sig",0
2026-09-29,"v1.1.0","latest.json",3
2026-09-30,"v0.1.0","Riffle-0.1.0-1.x86_64.rpm",0
2026-09-30,"v0.1.0","Riffle-0.1.0-1.x86_64.rpm.sig",0
2026-09-30,"v0.1.0","Riffle_0.1.0_aarch64.dmg",0
2026-09-30,"v0.1.0","Riffle_0.1.0_amd64.AppImage",0
2026-09-30,"v0.1.0","Riffle_0.1.0_amd64.AppImage.sig",0
2026-09-30,"v0.1.0","Riffle_0.1.0_amd64.deb",0
2026-09-30,"v0.1.0","Riffle_0.1.0_amd64.deb.sig",0
2026-09-30,"v0.1.0","Riffle_0.1.0_x64-setup.exe",0
2026-09-30,"v0.1.0","Riffle_0.1.0_x64-setup.exe.sig",0
2026-09-30,"v0.1.0","Riffle_0.1.0_x64.dmg",0
2026-09-30,"v0.1.0","Riffle_0.1.0_x64_en-US.msi",0
2026-09-30,"v0.1.0","Riffle_0.1.0_x64_en-US.msi.sig",0
2026-09-30,"v0.1.0","Riffle_aarch64.app.tar.gz",0
2026-09-30,"v0.1.0","Riffle_aarch64.app.tar.gz.sig",0
2026-09-30,"v0.1.0","Riffle_x64.app.tar.gz",0
2026-09-30,"v0.1.0","Riffle_x64.app.tar.gz.sig",0
2026-09-30,"v0.1.0","latest.json",14
2026-09-30,"v0.1.1","Riffle-0.1.1-1.x86_64.rpm",0
2026-09-30,"v0.1.1","Riffle-0.1.1-1.x86_64.rpm.sig",0
2026-09-30,"v0.1.1","Riffle_0.1.1_aarch64.dmg",1
2026-09-30,"v0.1.1","Riffle_0.1.1_amd64.AppImage",0
2026-09-30,"v0.1.1","Riffle_0.1.1_amd64.AppImage.sig",0
2026-09-30,"v0.1.1","Riffle_0.1.1_amd64.deb",0
2026-09-30,"v0.1.1","Riffle_0.1.1_amd64.deb.sig",0
2026-09-30,"v0.1.1","Riffle_0.1.1_x64-setup.exe",0
2026-09-30,"v0.1.1","Riffle_0.1.1_x64-setup.exe.sig",0
2026-09-30,"v0.1.1","Riffle_0.1.1_x64.dmg",0
2026-09-30,"v0.1.1","Riffle_0.1.1_x64_en-US.msi",0
2026-09-30,"v0.1.1","Riffle_0.1.1_x64_en-US.msi.sig",0
2026-09-30,"v0.1.1","Riffle_aarch64.app.tar.gz",0
2026-09-30,"v0.1.1","Riffle_aarch64.app.tar.gz.sig",0
2026-09-30,"v0.1.1","Riffle_x64.app.tar.gz",0
2026-09-30,"v0.1.1","Riffle_x64.app.tar.gz.sig",0
2026-09-30,"v0.1.1","latest.json",6
2026-09-30,"v0.1.10","Riffle-0.1.10-1.x86_64.rpm",0
2026-09-30,"v0.1.10","Riffle-0.1.10-1.x86_64.rpm.sig",0
2026-09-30,"v0.1.10","Riffle_0.1.10_aarch64.dmg",0
2026-09-30,"v0.1.10","Riffle_0.1.10_amd64.AppImage",0
2026-09-30,"v0.1.10","Riffle_0.1.10_amd64.AppImage.sig",0
2026-09-30,"v0.1.10","Riffle_0.1.10_amd64.deb",0
2026-09-30,"v0.1.10","Riffle_0.1.10_amd64.deb.sig",0
2026-09-30,"v0.1.10","Riffle_0.1.10_x64-setup.exe",0
2026-09-30,"v0.1.10","Riffle_0.1.10_x64-setup.exe.sig",0
2026-09-30,"v0.1.10","Riffle_0.1.10_x64.dmg",0
2026-09-30,"v0.1.10","Riffle_0.1.10_x64_en-US.msi",0
2026-09-30,"v0.1.10","Riffle_0.1.10_x64_en-US.msi.sig",0
2026-09-30,"v0.1.10","Riffle_aarch64.app.tar.gz",0
2026-09-30,"v0.1.10","Riffle_aarch64.app.tar.gz.sig",0
2026-09-30,"v0.1.10","Riffle_x64.app.tar.gz",0
2026-09-30,"v0.1.10","Riffle_x64.app.tar.gz.sig",0
2026-09-30,"v0.1.10","latest.json",5
2026-09-30,"v0.1.2","Riffle-0.1.2-1.x86_64.rpm",0
2026-09-30,"v0.1.2","Riffle-0.1.2-1.x86_64.rpm.sig",0
2026-09-30,"v0.1.2","Riffle_0.1.2_aarch64.dmg",0
2026-09-30,"v0.1.2","Riffle_0.1.2_amd64.AppImage",0
2026-09-30,"v0.1.2","Riffle_0.1.2_amd64.AppImage.sig",0
2026-09-30,"v0.1.2","Riffle_0.1.2_amd64.deb",0
2026-09-30,"v0.1.2","Riffle_0.1.2_amd64.deb.sig",0
2026-09-30,"v0.1.2","Riffle_0.1.2_x64-setup.exe",1
2026-09-30,"v0.1.2","Riffle_0.1.2_x64-setup.exe.sig",0
2026-09-30,"v0.1.2","Riffle_0.1.2_x64.dmg",0
2026-09-30,"v0.1.2","Riffle_0.1.2_x64_en-US.msi",0
2026-09-30,"v0.1.2","Riffle_0.1.2_x64_en-US.msi.sig",0
2026-09-30,"v0.1.2","Riffle_aarch64.app.tar.gz",1
2026-09-30,"v0.1.2","Riffle_aarch64.app.tar.gz.sig",0
2026-09-30,"v0.1.2","Riffle_x64.app.tar.gz",0
2026-09-30,"v0.1.2","Riffle_x64.app.tar.gz.sig",0
2026-09-30,"v0.1.2","latest.json",3
2026-09-30,"v0.1.3","Riffle-0.1.3-1.x86_64.rpm",0
2026-09-30,"v0.1.3","Riffle-0.1.3-1.x86_64.rpm.sig",0
2026-09-30,"v0.1.3","Riffle_0.1.3_aarch64.dmg",0
2026-09-30,"v0.1.3","Riffle_0.1.3_amd64.AppImage",0
2026-09-30,"v0.1.3","Riffle_0.1.3_amd64.AppImage.sig",0
2026-09-30,"v0.1.3","Riffle_0.1.3_amd64.deb",0
2026-09-30,"v0.1.3","Riffle_0.1.3_amd64.deb.sig",0
2026-09-30,"v0.1.3","Riffle_0.1.3_x64-setup.exe",1
2026-09-30,"v0.1.3","Riffle_0.1.3_x64-setup.exe.sig",0
2026-09-30,"v0.1.3","Riffle_0.1.3_x64.dmg",0
2026-09-30,"v0.1.3","Riffle_0.1.3_x64_en-US.msi",0
2026-09-30,"v0.1.3","Riffle_0.1.3_x64_en-US.msi.sig",0
2026-09-30,"v0.1.3","Riffle_aarch64.app.tar.gz",0
2026-09-30,"v0.1.3","Riffle_aarch64.app.tar.gz.sig",0
2026-09-30,"v0.1.3","Riffle_x64.app.tar.gz",0
2026-09-30,"v0.1.3","Riffle_x64.app.tar.gz.sig",0
2026-09-30,"v0.1.3","latest.json",0
2026-09-30,"v0.1.4","Riffle-0.1.4-1.x86_64.rpm",0
2026-09-30,"v0.1.4","Riffle-0.1.4-1.x86_64.rpm.sig",0
2026-09-30,"v0.1.4","Riffle_0.1.4_aarch64.dmg",0
2026-09-30,"v0.1.4","Riffle_0.1.4_amd64.AppImage",0
2026-09-30,"v0.1.4","Riffle_0.1.4_amd64.AppImage.sig",0
2026-09-30,"v0.1.4","Riffle_0.1.4_amd64.deb",0
2026-09-30,"v0.1.4","Riffle_0.1.4_amd64.deb.sig",0
2026-09-30,"v0.1.4","Riffle_0.1.4_x64-setup.exe",0
2026-09-30,"v0.1.4","Riffle_0.1.4_x64-setup.exe.sig",0
2026-09-30,"v0.1.4","Riffle_0.1.4_x64.dmg",0
2026-09-30,"v0.1.4","Riffle_0.1.4_x64_en-US.msi",0
2026-09-30,"v0.1.4","Riffle_0.1.4_x64_en-US.msi.sig",0
2026-09-30,"v0.1.4","Riffle_aarch64.app.tar.gz",0
2026-09-30,"v0.1.4","Riffle_aarch64.app.tar.gz.sig",0
2026-09-30,"v0.1.4","Riffle_x64.app.tar.gz",0
2026-09-30,"v0.1.4","Riffle_x64.app.tar.gz.sig",0
2026-09-30,"v0.1.4","latest.json",4
2026-09-30,"v0.1.5","Riffle-0.1.5-1.x86_64.rpm",0
2026-09-30,"v0.1.5","Riffle-0.1.5-1.x86_64.rpm.sig",0
2026-09-30,"v0.1.5","Riffle_0.1.5_aarch64.dmg",0
2026-09-30,"v0.1.5","Riffle_0.1.5_amd64.AppImage",0
2026-09-30,"v0.1.5","Riffle_0.1.5_amd64.AppImage.sig",0
2026-09-30,"v0.1.5","Riffle_0.1.5_amd64.deb",0
2026-09-30,"v0.1.5","Riffle_0.1.5_amd64.deb.sig",0
2026-09-30,"v0.1.5","Riffle_0.1.5_x64-setup.exe",1
2026-09-30,"v0.1.5","Riffle_0.1.5_x64-setup.exe.sig",0
2026-09-30,"v0.1.5","Riffle_0.1.5_x64.dmg",0
2026-09-30,"v0.1.5","Riffle_0.1.5_x64_en-US.msi",0
2026-09-30,"v0.1.5","Riffle_0.1.5_x64_en-US.msi.sig",0
2026-09-30,"v0.1.5","Riffle_aarch64.app.tar.gz",1
2026-09-30,"v0.1.5","Riffle_aarch64.app.tar.gz.sig",0
2026-09-30,"v0.1.5","Riffle_x64.app.tar.gz",0
2026-09-30,"v0.1.5","Riffle_x64.app.tar.gz.sig",0
2026-09-30,"v0.1.5","latest.json",15
2026-09-30,"v0.1.6","Riffle-0.1.6-1.x86_64.rpm",0
2026-09-30,"v0.1.6","Riffle-0.1.6-1.x86_64.rpm.sig",0
2026-09-30,"v0.1.6","Riffle_0.1.6_aarch64.dmg",0
2026-09-30,"v0.1.6","Riffle_0.1.6_amd64.AppImage",0
2026-09-30,"v0.1.6","Riffle_0.1.6_amd64.AppImage.sig",0
2026-09-30,"v0.1.6","Riffle_0.1.6_amd64.deb",0
2026-09-30,"v0.1.6","Riffle_0.1.6_amd64.deb.sig",0
2026-09-30,"v0.1.6","Riffle_0.1.6_x64-setup.exe",0
2026-09-30,"v0.1.6","Riffle_0.1.6_x64-setup.exe.sig",0
2026-09-30,"v0.1.6","Riffle_0.1.6_x64.dmg",0
2026-09-30,"v0.1.6","Riffle_0.1.6_x64_en-US.msi",0
2026-09-30,"v0.1.6","Riffle_0.1.6_x64_en-US.msi.sig",0
2026-09-30,"v0.1.6","Riffle_aarch64.app.tar.gz",0
2026-09-30,"v0.1.6","Riffle_aarch64.app.tar.gz.sig",0
2026-09-30,"v0.1.6","Riffle_x64.app.tar.gz",0
2026-09-30,"v0.1.6","Riffle_x64.app.tar.gz.sig",0
2026-09-30,"v0.1.6","latest.json",10
2026-09-30,"v0.1.7","Riffle-0.1.7-1.x86_64.rpm",0
2026-09-30,"v0.1.7","Riffle-0.1.7-1.x86_64.rpm.sig",0
2026-09-30,"v0.1.7","Riffle_0.1.7_aarch64.dmg",0
2026-09-30,"v0.1.7","Riffle_0.1.7_amd64.AppImage",0
2026-09-30,"v0.1.7","Riffle_0.1.7_amd64.AppImage.sig",0
2026-09-30,"v0.1.7","Riffle_0.1.7_amd64.deb",0
2026-09-30,"v0.1.7","Riffle_0.1.7_amd64.deb.sig",0
2026-09-30,"v0.1.7","Riffle_0.1.7_x64-setup.exe",0
2026-09-30,"v0.1.7","Riffle_0.1.7_x64-setup.exe.sig",0
2026-09-30,"v0.1.7","Riffle_0.1.7_x64.dmg",0
2026-09-30,"v0.1.7","Riffle_0.1.7_x64_en-US.msi",0
2026-09-30,"v0.1.7","Riffle_0.1.7_x64_en-US.msi.sig",0
2026-09-30,"v0.1.7","Riffle_aarch64.app.tar.gz",0
2026-09-30,"v0.1.7","Riffle_aarch64.app.tar.gz.sig",0
2026-09-30,"v0.1.7","Riffle_x64.app.tar.gz",0
2026-09-30,"v0.1.7","Riffle_x64.app.tar.gz.sig",0
2026-09-30,"v0.1.7","latest.json",13
2026-09-30,"v0.1.8","Riffle-0.1.8-1.x86_64.rpm",0
2026-09-30,"v0.1.8","Riffle-0.1.8-1.x86_64.rpm.sig",0
2026-09-30,"v0.1.8","Riffle_0.1.8_aarch64.dmg",0
2026-09-30,"v0.1.8","Riffle_0.1.8_amd64.AppImage",0
2026-09-30,"v0.1.8","Riffle_0.1.8_amd64.AppImage.sig",0
2026-09-30,"v0.1.8","Riffle_0.1.8_amd64.deb",0
2026-09-30,"v0.1.8","Riffle_0.1.8_amd64.deb.sig",0
2026-09-30,"v0.1.8","Riffle_0.1.8_x64-setup.exe",0
2026-09-30,"v0.1.8","Riffle_0.1.8_x64-setup.exe.sig",0
2026-09-30,"v0.1.8","Riffle_0.1.8_x64.dmg",0
2026-09-30,"v0.1.8","Riffle_0.1.8_x64_en-US.msi",0
2026-09-30,"v0.1.8","Riffle_0.1.8_x64_en-US.msi.sig",0
2026-09-30,"v0.1.8","Riffle_aarch64.app.tar.gz",1
2026-09-30,"v0.1.8","Riffle_aarch64.app.tar.gz.sig",0
2026-09-30,"v0.1.8","Riffle_x64.app.tar.gz",0
2026-09-30,"v0.1.8","Riffle_x64.app.tar.gz.sig",0
2026-09-30,"v0.1.8","latest.json",19
2026-09-30,"v0.1.9","Riffle-0.1.9-1.x86_64.rpm",0
2026-09-30,"v0.1.9","Riffle-0.1.9-1.x86_64.rpm.sig",0
2026-09-30,"v0.1.9","Riffle_0.1.9_aarch64.dmg",0
2026-09-30,"v0.1.9","Riffle_0.1.9_amd64.AppImage",0
2026-09-30,"v0.1.9","Riffle_0.1.9_amd64.AppImage.sig",0
2026-09-30,"v0.1.9","Riffle_0.1.9_amd64.deb",0
2026-09-30,"v0.1.9","Riffle_0.1.9_amd64.deb.sig",0
2026-09-30,"v0.1.9","Riffle_0.1.9_x64-setup.exe",2
2026-09-30,"v0.1.9","Riffle_0.1.9_x64-setup.exe.sig",0
2026-09-30,"v0.1.9","Riffle_0.1.9_x64.dmg",0
2026-09-30,"v0.1.9","Riffle_0.1.9_x64_en-US.msi",0
2026-09-30,"v0.1.9","Riffle_0.1.9_x64_en-US.msi.sig",0
2026-09-30,"v0.1.9","Riffle_aarch64.app.tar.gz",0
2026-09-30,"v0.1.9","Riffle_aarch64.app.tar.gz.sig",0
2026-09-30,"v0.1.9","Riffle_x64.app.tar.gz",0
2026-09-30,"v0.1.9","Riffle_x64.app.tar.gz.sig",0
2026-09-30,"v0.1.9","latest.json",18
2026-09-30,"v0.2.0","Riffle-0.2.0-1.x86_64.rpm",0
2026-09-30,"v0.2.0","Riffle-0.2.0-1.x86_64.rpm.sig",0
2026-09-30,"v0.2.0","Riffle_0.2.0_aarch64.dmg",0
2026-09-30,"v0.2.0","Riffle_0.2.0_amd64.AppImage",0
2026-09-30,"v0.2.0","Riffle_0.2.0_amd64.AppImage.sig",0
2026-09-30,"v0.2.0","Riffle_0.2.0_amd64.deb",0
2026-09-30,"v0.2.0","Riffle_0.2.0_amd64.deb.sig",0
2026-09-30,"v0.2.0","Riffle_0.2.0_x64-setup.exe",1
2026-09-30,"v0.2.0","Riffle_0.2.0_x64-setup.exe.sig",0
2026-09-30,"v0.2.0","Riffle_0.2.0_x64.dmg",0
2026-09-30,"v0.2.0","Riffle_0.2.0_x64_en-US.msi",0
2026-09-30,"v0.2.0","Riffle_0.2.0_x64_en-US.msi.sig",0
2026-09-30,"v0.2.0","Riffle_aarch64.app.tar.gz",0
2026-09-30,"v0.2.0","Riffle_aarch64.app.tar.gz.sig",0
2026-09-30,"v0.2.0","Riffle_x64.app.tar.gz",0
2026-09-30,"v0.2.0","Riffle_x64.app.tar.gz.sig",0
2026-09-30,"v0.2.0","latest.json",2
2026-09-30,"v0.2.1","Riffle-0.2.1-1.x86_64.rpm",0
2026-09-30,"v0.2.1","Riffle-0.2.1-1.x86_64.rpm.sig",0
2026-09-30,"v0.2.1","Riffle_0.2.1_aarch64.dmg",0
2026-09-30,"v0.2.1","Riffle_0.2.1_amd64.AppImage",1
2026-09-30,"v0.2.1","Riffle_0.2.1_amd64.AppImage.sig",0
2026-09-30,"v0.2.1","Riffle_0.2.1_amd64.deb",0
2026-09-30,"v0.2.1","Riffle_0.2.1_amd64.deb.sig",0
2026-09-30,"v0.2.1","Riffle_0.2.1_x64-setup.exe",0
2026-09-30,"v0.2.1","Riffle_0.2.1_x64-setup.exe.sig",0
2026-09-30,"v0.2.1","Riffle_0.2.1_x64.dmg",0
2026-09-30,"v0.2.1","Riffle_0.2.1_x64_en-US.msi",0
2026-09-30,"v0.2.1","Riffle_0.2.1_x64_en-US.msi.sig",0
2026-09-30,"v0.2.1","Riffle_aarch64.app.tar.gz",0
2026-09-30,"v0.2.1","Riffle_aarch64.app.tar.gz.sig",0
2026-09-30,"v0.2.1","Riffle_x64.app.tar.gz",0
2026-09-30,"v0.2.1","Riffle_x64.app.tar.gz.sig",0
2026-09-30,"v0.2.1","latest.json",3
2026-09-30,"v0.2.2","Riffle-0.2.2-1.x86_64.rpm",0
2026-09-30,"v0.2.2","Riffle-0.2.2-1.x86_64.rpm.sig",0
2026-09-30,"v0.2.2","Riffle_0.2.2_aarch64.dmg",0
2026-09-30,"v0.2.2","Riffle_0.2.2_amd64.AppImage",0
2026-09-30,"v0.2.2","Riffle_0.2.2_amd64.AppImage.sig",0
2026-09-30,"v0.2.2","Riffle_0.2.2_amd64.deb",0
2026-09-30,"v0.2.2","Riffle_0.2.2_amd64.deb.sig",0
2026-09-30,"v0.2.2","Riffle_0.2.2_x64-setup.exe",1
2026-09-30,"v0.2.2","Riffle_0.2.2_x64-setup.exe.sig",0
2026-09-30,"v0.2.2","Riffle_0.2.2_x64.dmg",0
2026-09-30,"v0.2.2","Riffle_0.2.2_x64_en-US.msi",0
2026-09-30,"v0.2.2","Riffle_0.2.2_x64_en-US.msi.sig",0
2026-09-30,"v0.2.2","Riffle_aarch64.app.tar.gz",0
2026-09-30,"v0.2.2","Riffle_aarch64.app.tar.gz.sig",0
2026-09-30,"v0.2.2","Riffle_x64.app.tar.gz",0
2026-09-30,"v0.2.2","Riffle_x64.app.tar.gz.sig",0
2026-09-30,"v0.2.2","latest.json",1
2026-09-30,"v0.3.0","Riffle-0.3.0-1.x86_64.rpm",0
2026-09-30,"v0.3.0","Riffle-0.3.0-1.x86_64.rpm.sig",0
2026-09-30,"v0.3.0","Riffle_0.3.0_aarch64.dmg",0
2026-09-30,"v0.3.0","Riffle_0.3.0_amd64.AppImage",0
2026-09-30,"v0.3.0","Riffle_0.3.0_amd64.AppImage.sig",0
2026-09-30,"v0.3.0","Riffle_0.3.0_amd64.deb",0
2026-09-30,"v0.3.0","Riffle_0.3.0_amd64.deb.sig",0
2026-09-30,"v0.3.0","Riffle_0.3.0_x64-setup.exe",1
2026-09-30,"v0.3.0","Riffle_0.3.0_x64-setup.exe.sig",0
2026-09-30,"v0.3.0","Riffle_0.3.0_x64.dmg",0
2026-09-30,"v0.3.0","Riffle_0.3.0_x64_en-US.msi",0
2026-09-30,"v0.3.0","Riffle_0.3.0_x64_en-US.msi.sig",0
2026-09-30,"v0.3.0","Riffle_aarch64.app.tar.gz",0
2026-09-30,"v0.3.0","Riffle_aarch64.app.tar.gz.sig",0
2026-09-30,"v0.3.0","Riffle_x64.app.tar.gz",0
2026-09-30,"v0.3.0","Riffle_x64.app.tar.gz.sig",0
2026-09-30,"v0.3.0","latest.json",7
2026-09-30,"v0.3.1","Riffle-0.3.1-1.x86_64.rpm",0
2026-09-30,"v0.3.1","Riffle-0.3.1-1.x86_64.rpm.sig",0
2026-09-30,"v0.3.1","Riffle_0.3.1_aarch64.dmg",0
2026-09-30,"v0.3.1","Riffle_0.3.1_amd64.AppImage",0
2026-09-30,"v0.3.1","Riffle_0.3.1_amd64.AppImage.sig",0
2026-09-30,"v0.3.1","Riffle_0.3.1_amd64.deb",0
2026-09-30,"v0.3.1","Riffle_0.3.1_amd64.deb.sig",0
2026-09-30,"v0.3.1","Riffle_0.3.1_x64-setup.exe",2
2026-09-30,"v0.3.1","Riffle_0.3.1_x64-setup.exe.sig",0
2026-09-30,"v0.3.1","Riffle_0.3.1_x64.dmg",0
2026-09-30,"v0.3.1","Riffle_0.3.1_x64_en-US.msi",0
2026-09-30,"v0.3.1","Riffle_0.3.1_x64_en-US.msi.sig",0
2026-09-30,"v0.3.1","Riffle_aarch64.app.tar.gz",1
2026-09-30,"v0.3.1","Riffle_aarch64.app.tar.gz.sig",0
2026-09-30,"v0.3.1","Riffle_x64.app.tar.gz",0
2026-09-30,"v0.3.1","Riffle_x64.app.tar.gz.sig",0
2026-09-30,"v0.3.1","latest.json",4
2026-09-30,"v0.4.0","Riffle-0.4.0-1.x86_64.rpm",0
2026-09-30,"v0.4.0","Riffle-0.4.0-1.x86_64.rpm.sig",0
2026-09-30,"v0.4.0","Riffle_0.4.0_aarch64.dmg",0
2026-09-30,"v0.4.0","Riffle_0.4.0_amd64.AppImage",0
2026-09-30,"v0.4.0","Riffle_0.4.0_amd64.AppImage.sig",0
2026-09-30,"v0.4.0","Riffle_0.4.0_amd64.deb",0
2026-09-30,"v0.4.0","Riffle_0.4.0_amd64.deb.sig",0
2026-09-30,"v0.4.0","Riffle_0.4.0_x64-setup.exe",1
2026-09-30,"v0.4.0","Riffle_0.4.0_x64-setup.exe.sig",0
2026-09-30,"v0.4.0","Riffle_0.4.0_x64.dmg",0
2026-09-30,"v0.4.0","Riffle_0.4.0_x64_en-US.msi",0
2026-09-30,"v0.4.0","Riffle_0.4.0_x64_en-US.msi.sig",0
2026-09-30,"v0.4.0","Riffle_aarch64.app.tar.gz",0
2026-09-30,"v0.4.0","Riffle_aarch64.app.tar.gz.sig",0
2026-09-30,"v0.4.0","Riffle_x64.app.tar.gz",0
2026-09-30,"v0.4.0","Riffle_x64.app.tar.gz.sig",0
2026-09-30,"v0.4.0","latest.json",26
2026-09-30,"v1.0.0","Riffle-1.0.0-1.x86_64.rpm",0
2026-09-30,"v1.0.0","Riffle-1.0.0-1.x86_64.rpm.sig",0
2026-09-30,"v1.0.0","Riffle_1.0.0_aarch64.dmg",0
2026-09-30,"v1.0.0","Riffle_1.0.0_amd64.AppImage",0
2026-09-30,"v1.0.0","Riffle_1.0.0_amd64.AppImage.sig",0
2026-09-30,"v1.0.0","Riffle_1.0.0_amd64.deb",0
2026-09-30,"v1.0.0","Riffle_1.0.0_amd64.deb.sig",0
2026-09-30,"v1.0.0","Riffle_1.0.0_x64-setup.exe",1
2026-09-30,"v1.0.0","Riffle_1.0.0_x64-setup.exe.sig",0
2026-09-30,"v1.0.0","Riffle_1.0.0_x64.dmg",0
2026-09-30,"v1.0.0","Riffle_1.0.0_x64_en-US.msi",0
2026-09-30,"v1.0.0","Riffle_1.0.0_x64_en-US.msi.sig",0
2026-09-30,"v1.0.0","Riffle_aarch64.app.tar.gz",0
2026-09-30,"v1.0.0","Riffle_aarch64.app.tar.gz.sig",0
2026-09-30,"v1.0.0","Riffle_x64.app.tar.gz",0
2026-09-30,"v1.0.0","Riffle_x64.app.tar.gz.sig",0
2026-09-30,"v1.0.0","latest.json",7
2026-09-30,"v1.1.0","Riffle-1.1.0-1.x86_64.rpm",0
2026-09-30,"v1.1.0","Riffle-1.1.0-1.x86_64.rpm.sig",0
2026-09-30,"v1.1.0","Riffle_1.1.0_aarch64.dmg",0
2026-09-30,"v1.1.0","Riffle_1.1.0_amd64.AppImage",0
2026-09-30,"v1.1.0","Riffle_1.1.0_amd64.AppImage.sig",0
2026-09-30,"v1.1.0","Riffle_1.1.0_amd64.deb",0
2026-09-30,"v1.1.0","Riffle_1.1.0_amd64.deb.sig",0
2026-09-30,"v1.1.0","Riffle_1.1.0_x64-setup.exe",0
2026-09-30,"v1.1.0","Riffle_1.1.0_x64-setup.exe.sig",0
2026-09-30,"v1.1.0","Riffle_1.1.0_x64.dmg",0
2026-09-30,"v1.1.0","Riffle_1.1.0_x64_en-US.msi",0
2026-09-30,"v1.1.0","Riffle_1.1.0_x64_en-US.msi.sig",0
2026-09-30,"v1.1.0","Riffle_aarch64.app.tar.gz",0
2026-09-30,"v1.1.0","Riffle_aarch64.app.tar.gz.sig",0
2026-09-30,"v1.1.0","Riffle_x64.app.tar.gz",0
2026-09-30,"v1.1.0","Riffle_x64.app.tar.gz.sig",0
2026-09-30,"v1.1.0","latest.json",11
2026-10-01,"v0.1.0","Riffle-0.1.0-1.x86_64.rpm",0
2026-10-01,"v0.1.0","Riffle-0.1.0-1.x86_64.rpm.sig",0
2026-10-01,"v0.1.0","Riffle_0.1.0_aarch64.dmg",0
2026-10-01,"v0.1.0","Riffle_0.1.0_amd64.AppImage",0
2026-10-01,"v0.1.0","Riffle_0.1.0_amd64.AppImage.sig",0
2026-10-01,"v0.1.0","Riffle_0.1.0_amd64.deb",0
2026-10-01,"v0.1.0","Riffle_0.1.0_amd64.deb.sig",0
2026-10-01,"v0.1.0","Riffle_0.1.0_x64-setup.exe",0
2026-10-01,"v0.1.0","Riffle_0.1.0_x64-setup.exe.sig",0
2026-10-01,"v0.1.0","Riffle_0.1.0_x64.dmg",0
2026-10-01,"v0.1.0","Riffle_0.1.0_x64_en-US.msi",0
2026-10-01,"v0.1.0","Riffle_0.1.0_x64_en-US.msi.sig",0
2026-10-01,"v0.1.0","Riffle_aarch64.app.tar.gz",0
2026-10-01,"v0.1.0","Riffle_aarch64.app.tar.gz.sig",0
2026-10-01,"v0.1.0","Riffle_x64.app.tar.gz",0
2026-10-01,"v0.1.0","Riffle_x64.app.tar.gz.sig",0
2026-10-01,"v0.1.0","latest.json",14
2026-10-01,"v0.1.1","Riffle-0.1.1-1.x86_64.rpm",0
2026-10-01,"v0.1.1","Riffle-0.1.1-1.x86_64.rpm.sig",0
2026-10-01,"v0.1.1","Riffle_0.1.1_aarch64.dmg",1
2026-10-01,"v0.1.1","Riffle_0.1.1_amd64.AppImage",0
2026-10-01,"v0.1.1","Riffle_0.1.1_amd64.AppImage.sig",0
2026-10-01,"v0.1.1","Riffle_0.1.1_amd64.deb",0
2026-10-01,"v0.1.1","Riffle_0.1.1_amd64.deb.sig",0
2026-10-01,"v0.1.1","Riffle_0.1.1_x64-setup.exe",0
2026-10-01,"v0.1.1","Riffle_0.1.1_x64-setup.exe.sig",0
2026-10-01,"v0.1.1","Riffle_0.1.1_x64.dmg",0
2026-10-01,"v0.1.1","Riffle_0.1.1_x64_en-US.msi",0
2026-10-01,"v0.1.1","Riffle_0.1.1_x64_en-US.msi.sig",0
2026-10-01,"v0.1.1","Riffle_aarch64.app.tar.gz",0
2026-10-01,"v0.1.1","Riffle_aarch64.app.tar.gz.sig",0
2026-10-01,"v0.1.1","Riffle_x64.app.tar.gz",0
2026-10-01,"v0.1.1","Riffle_x64.app.tar.gz.sig",0
2026-10-01,"v0.1.1","latest.json",6
2026-10-01,"v0.1.10","Riffle-0.1.10-1.x86_64.rpm",0
2026-10-01,"v0.1.10","Riffle-0.1.10-1.x86_64.rpm.sig",0
2026-10-01,"v0.1.10","Riffle_0.1.10_aarch64.dmg",0
2026-10-01,"v0.1.10","Riffle_0.1.10_amd64.AppImage",0
2026-10-01,"v0.1.10","Riffle_0.1.10_amd64.AppImage.sig",0
2026-10-01,"v0.1.10","Riffle_0.1.10_amd64.deb",0
2026-10-01,"v0.1.10","Riffle_0.1.10_amd64.deb.sig",0
2026-10-01,"v0.1.10","Riffle_0.1.10_x64-setup.exe",0
2026-10-01,"v0.1.10","Riffle_0.1.10_x64-setup.exe.sig",0
2026-10-01,"v0.1.10","Riffle_0.1.10_x64.dmg",0
2026-10-01,"v0.1.10","Riffle_0.1.10_x64_en-US.msi",0
2026-10-01,"v0.1.10","Riffle_0.1.10_x64_en-US.msi.sig",0
2026-10-01,"v0.1.10","Riffle_aarch64.app.tar.gz",0
2026-10-01,"v0.1.10","Riffle_aarch64.app.tar.gz.sig",0
2026-10-01,"v0.1.10","Riffle_x64.app.tar.gz",0
2026-10-01,"v0.1.10","Riffle_x64.app.tar.gz.sig",0
2026-10-01,"v0.1.10","latest.json",5
2026-10-01,"v0.1.2","Riffle-0.1.2-1.x86_64.rpm",0
2026-10-01,"v0.1.2","Riffle-0.1.2-1.x86_64.rpm.sig",0
2026-10-01,"v0.1.2","Riffle_0.1.2_aarch64.dmg",0
2026-10-01,"v0.1.2","Riffle_0.1.2_amd64.AppImage",0
2026-10-01,"v0.1.2","Riffle_0.1.2_amd64.AppImage.sig",0
2026-10-01,"v0.1.2","Riffle_0.1.2_amd64.deb",0
2026-10-01,"v0.1.2","Riffle_0.1.2_amd64.deb.sig",0
2026-10-01,"v0.1.2","Riffle_0.1.2_x64-setup.exe",1
2026-10-01,"v0.1.2","Riffle_0.1.2_x64-setup.exe.sig",0
2026-10-01,"v0.1.2","Riffle_0.1.2_x64.dmg",0
2026-10-01,"v0.1.2","Riffle_0.1.2_x64_en-US.msi",0
2026-10-01,"v0.1.2","Riffle_0.1.2_x64_en-US.msi.sig",0
2026-10-01,"v0.1.2","Riffle_aarch64.app.tar.gz",1
2026-10-01,"v0.1.2","Riffle_aarch64.app.tar.gz.sig",0
2026-10-01,"v0.1.2","Riffle_x64.app.tar.gz",0
2026-10-01,"v0.1.2","Riffle_x64.app.tar.gz.sig",0
2026-10-01,"v0.1.2","latest.json",3
2026-10-01,"v0.1.3","Riffle-0.1.3-1.x86_64.rpm",0
2026-10-01,"v0.1.3","Riffle-0.1.3-1.x86_64.rpm.sig",0
2026-10-01,"v0.1.3","Riffle_0.1.3_aarch64.dmg",0
2026-10-01,"v0.1.3","Riffle_0.1.3_amd64.AppImage",0
2026-10-01,"v0.1.3","Riffle_0.1.3_amd64.AppImage.sig",0
2026-10-01,"v0.1.3","Riffle_0.1.3_amd64.deb",0
2026-10-01,"v0.1.3","Riffle_0.1.3_amd64.deb.sig",0
2026-10-01,"v0.1.3","Riffle_0.1.3_x64-setup.exe",1
2026-10-01,"v0.1.3","Riffle_0.1.3_x64-setup.exe.sig",0
2026-10-01,"v0.1.3","Riffle_0.1.3_x64.dmg",0
2026-10-01,"v0.1.3","Riffle_0.1.3_x64_en-US.msi",0
2026-10-01,"v0.1.3","Riffle_0.1.3_x64_en-US.msi.sig",0
2026-10-01,"v0.1.3","Riffle_aarch64.app.tar.gz",0
2026-10-01,"v0.1.3","Riffle_aarch64.app.tar.gz.sig",0
2026-10-01,"v0.1.3","Riffle_x64.app.tar.gz",0
2026-10-01,"v0.1.3","Riffle_x64.app.tar.gz.sig",0
2026-10-01,"v0.1.3","latest.json",0
2026-10-01,"v0.1.4","Riffle-0.1.4-1.x86_64.rpm",0
2026-10-01,"v0.1.4","Riffle-0.1.4-1.x86_64.rpm.sig",0
2026-10-01,"v0.1.4","Riffle_0.1.4_aarch64.dmg",0
2026-10-01,"v0.1.4","Riffle_0.1.4_amd64.AppImage",0
2026-10-01,"v0.1.4","Riffle_0.1.4_amd64.AppImage.sig",0
2026-10-01,"v0.1.4","Riffle_0.1.4_amd64.deb",0
2026-10-01,"v0.1.4","Riffle_0.1.4_amd64.deb.sig",0
2026-10-01,"v0.1.4","Riffle_0.1.4_x64-setup.exe",0
2026-10-01,"v0.1.4","Riffle_0.1.4_x64-setup.exe.sig",0
2026-10-01,"v0.1.4","Riffle_0.1.4_x64.dmg",0
2026-10-01,"v0.1.4","Riffle_0.1.4_x64_en-US.msi",0
2026-10-01,"v0.1.4","Riffle_0.1.4_x64_en-US.msi.sig",0
2026-10-01,"v0.1.4","Riffle_aarch64.app.tar.gz",0
2026-10-01,"v0.1.4","Riffle_aarch64.app.tar.gz.sig",0
2026-10-01,"v0.1.4","Riffle_x64.app.tar.gz",0
2026-10-01,"v0.1.4","Riffle_x64.app.tar.gz.sig",0
2026-10-01,"v0.1.4","latest.json",4
2026-10-01,"v0.1.5","Riffle-0.1.5-1.x86_64.rpm",0
2026-10-01,"v0.1.5","Riffle-0.1.5-1.x86_64.rpm.sig",0
2026-10-01,"v0.1.5","Riffle_0.1.5_aarch64.dmg",0
2026-10-01,"v0.1.5","Riffle_0.1.5_amd64.AppImage",0
2026-10-01,"v0.1.5","Riffle_0.1.5_amd64.AppImage.sig",0
2026-10-01,"v0.1.5","Riffle_0.1.5_amd64.deb",0
2026-10-01,"v0.1.5","Riffle_0.1.5_amd64.deb.sig",0
2026-10-01,"v0.1.5","Riffle_0.1.5_x64-setup.exe",1
2026-10-01,"v0.1.5","Riffle_0.1.5_x64-setup.exe.sig",0
2026-10-01,"v0.1.5","Riffle_0.1.5_x64.dmg",0
2026-10-01,"v0.1.5","Riffle_0.1.5_x64_en-US.msi",0
2026-10-01,"v0.1.5","Riffle_0.1.5_x64_en-US.msi.sig",0
2026-10-01,"v0.1.5","Riffle_aarch64.app.tar.gz",1
2026-10-01,"v0.1.5","Riffle_aarch64.app.tar.gz.sig",0
2026-10-01,"v0.1.5","Riffle_x64.app.tar.gz",0
2026-10-01,"v0.1.5","Riffle_x64.app.tar.gz.sig",0
2026-10-01,"v0.1.5","latest.json",15
2026-10-01,"v0.1.6","Riffle-0.1.6-1.x86_64.rpm",0
2026-10-01,"v0.1.6","Riffle-0.1.6-1.x86_64.rpm.sig",0
2026-10-01,"v0.1.6","Riffle_0.1.6_aarch64.dmg",0
2026-10-01,"v0.1.6","Riffle_0.1.6_amd64.AppImage",0
2026-10-01,"v0.1.6","Riffle_0.1.6_amd64.AppImage.sig",0
2026-10-01,"v0.1.6","Riffle_0.1.6_amd64.deb",0
2026-10-01,"v0.1.6","Riffle_0.1.6_amd64.deb.sig",0
2026-10-01,"v0.1.6","Riffle_0.1.6_x64-setup.exe",0
2026-10-01,"v0.1.6","Riffle_0.1.6_x64-setup.exe.sig",0
2026-10-01,"v0.1.6","Riffle_0.1.6_x64.dmg",0
2026-10-01,"v0.1.6","Riffle_0.1.6_x64_en-US.msi",0
2026-10-01,"v0.1.6","Riffle_0.1.6_x64_en-US.msi.sig",0
2026-10-01,"v0.1.6","Riffle_aarch64.app.tar.gz",0
2026-10-01,"v0.1.6","Riffle_aarch64.app.tar.gz.sig",0
2026-10-01,"v0.1.6","Riffle_x64.app.tar.gz",0
2026-10-01,"v0.1.6","Riffle_x64.app.tar.gz.sig",0
2026-10-01,"v0.1.6","latest.json",10
2026-10-01,"v0.1.7","Riffle-0.1.7-1.x86_64.rpm",0
2026-10-01,"v0.1.7","Riffle-0.1.7-1.x86_64.rpm.sig",0
2026-10-01,"v0.1.7","Riffle_0.1.7_aarch64.dmg",0
2026-10-01,"v0.1.7","Riffle_0.1.7_amd64.AppImage",0
2026-10-01,"v0.1.7","Riffle_0.1.7_amd64.AppImage.sig",0
2026-10-01,"v0.1.7","Riffle_0.1.7_amd64.deb",0
2026-10-01,"v0.1.7","Riffle_0.1.7_amd64.deb.sig",0
2026-10-01,"v0.1.7","Riffle_0.1.7_x64-setup.exe",0
2026-10-01,"v0.1.7","Riffle_0.1.7_x64-setup.exe.sig",0
2026-10-01,"v0.1.7","Riffle_0.1.7_x64.dmg",0
2026-10-01,"v0.1.7","Riffle_0.1.7_x64_en-US.msi",0
2026-10-01,"v0.1.7","Riffle_0.1.7_x64_en-US.msi.sig",0
2026-10-01,"v0.1.7","Riffle_aarch64.app.tar.gz",0
2026-10-01,"v0.1.7","Riffle_aarch64.app.tar.gz.sig",0
2026-10-01,"v0.1.7","Riffle_x64.app.tar.gz",0
2026-10-01,"v0.1.7","Riffle_x64.app.tar.gz.sig",0
2026-10-01,"v0.1.7","latest.json",13
2026-10-01,"v0.1.8","Riffle-0.1.8-1.x86_64.rpm",0
2026-10-01,"v0.1.8","Riffle-0.1.8-1.x86_64.rpm.sig",0
2026-10-01,"v0.1.8","Riffle_0.1.8_aarch64.dmg",0
2026-10-01,"v0.1.8","Riffle_0.1.8_amd64.AppImage",0
2026-10-01,"v0.1.8","Riffle_0.1.8_amd64.AppImage.sig",0
2026-10-01,"v0.1.8","Riffle_0.1.8_amd64.deb",0
2026-10-01,"v0.1.8","Riffle_0.1.8_amd64.deb.sig",0
2026-10-01,"v0.1.8","Riffle_0.1.8_x64-setup.exe",0
2026-10-01,"v0.1.8","Riffle_0.1.8_x64-setup.exe.sig",0
2026-10-01,"v0.1.8","Riffle_0.1.8_x64.dmg",0
2026-10-01,"v0.1.8","Riffle_0.1.8_x64_en-US.msi",0
2026-10-01,"v0.1.8","Riffle_0.1.8_x64_en-US.msi.sig",0
2026-10-01,"v0.1.8","Riffle_aarch64.app.tar.gz",1
2026-10-01,"v0.1.8","Riffle_aarch64.app.tar.gz.sig",0
2026-10-01,"v0.1.8","Riffle_x64.app.tar.gz",0
2026-10-01,"v0.1.8","Riffle_x64.app.tar.gz.sig",0
2026-10-01,"v0.1.8","latest.json",19
2026-10-01,"v0.1.9","Riffle-0.1.9-1.x86_64.rpm",0
2026-10-01,"v0.1.9","Riffle-0.1.9-1.x86_64.rpm.sig",0
2026-10-01,"v0.1.9","Riffle_0.1.9_aarch64.dmg",0
2026-10-01,"v0.1.9","Riffle_0.1.9_amd64.AppImage",0
2026-10-01,"v0.1.9","Riffle_0.1.9_amd64.AppImage.sig",0
2026-10-01,"v0.1.9","Riffle_0.1.9_amd64.deb",0
2026-10-01,"v0.1.9","Riffle_0.1.9_amd64.deb.sig",0
2026-10-01,"v0.1.9","Riffle_0.1.9_x64-setup.exe",2
2026-10-01,"v0.1.9","Riffle_0.1.9_x64-setup.exe.sig",0
2026-10-01,"v0.1.9","Riffle_0.1.9_x64.dmg",0
2026-10-01,"v0.1.9","Riffle_0.1.9_x64_en-US.msi",0
2026-10-01,"v0.1.9","Riffle_0.1.9_x64_en-US.msi.sig",0
2026-10-01,"v0.1.9","Riffle_aarch64.app.tar.gz",0
2026-10-01,"v0.1.9","Riffle_aarch64.app.tar.gz.sig",0
2026-10-01,"v0.1.9","Riffle_x64.app.tar.gz",0
2026-10-01,"v0.1.9","Riffle_x64.app.tar.gz.sig",0
2026-10-01,"v0.1.9","latest.json",18
2026-10-01,"v0.2.0","Riffle-0.2.0-1.x86_64.rpm",0
2026-10-01,"v0.2.0","Riffle-0.2.0-1.x86_64.rpm.sig",0
2026-10-01,"v0.2.0","Riffle_0.2.0_aarch64.dmg",0
2026-10-01,"v0.2.0","Riffle_0.2.0_amd64.AppImage",0
2026-10-01,"v0.2.0","Riffle_0.2.0_amd64.AppImage.sig",0
2026-10-01,"v0.2.0","Riffle_0.2.0_amd64.deb",0
2026-10-01,"v0.2.0","Riffle_0.2.0_amd64.deb.sig",0
2026-10-01,"v0.2.0","Riffle_0.2.0_x64-setup.exe",1
2026-10-01,"v0.2.0","Riffle_0.2.0_x64-setup.exe.sig",0
2026-10-01,"v0.2.0","Riffle_0.2.0_x64.dmg",0
2026-10-01,"v0.2.0","Riffle_0.2.0_x64_en-US.msi",0
2026-10-01,"v0.2.0","Riffle_0.2.0_x64_en-US.msi.sig",0
2026-10-01,"v0.2.0","Riffle_aarch64.app.tar.gz",0
2026-10-01,"v0.2.0","Riffle_aarch64.app.tar.gz.sig",0
2026-10-01,"v0.2.0","Riffle_x64.app.tar.gz",0
2026-10-01,"v0.2.0","Riffle_x64.app.tar.gz.sig",0
2026-10-01,"v0.2.0","latest.json",2
2026-10-01,"v0.2.1","Riffle-0.2.1-1.x86_64.rpm",0
2026-10-01,"v0.2.1","Riffle-0.2.1-1.x86_64.rpm.sig",0
2026-10-01,"v0.2.1","Riffle_0.2.1_aarch64.dmg",0
2026-10-01,"v0.2.1","Riffle_0.2.1_amd64.AppImage",1
2026-10-01,"v0.2.1","Riffle_0.2.1_amd64.AppImage.sig",0
2026-10-01,"v0.2.1","Riffle_0.2.1_amd64.deb",0
2026-10-01,"v0.2.1","Riffle_0.2.1_amd64.deb.sig",0
2026-10-01,"v0.2.1","Riffle_0.2.1_x64-setup.exe",0
2026-10-01,"v0.2.1","Riffle_0.2.1_x64-setup.exe.sig",0
2026-10-01,"v0.2.1","Riffle_0.2.1_x64.dmg",0
2026-10-01,"v0.2.1","Riffle_0.2.1_x64_en-US.msi",0
2026-10-01,"v0.2.1","Riffle_0.2.1_x64_en-US.msi.sig",0
2026-10-01,"v0.2.1","Riffle_aarch64.app.tar.gz",0
2026-10-01,"v0.2.1","Riffle_aarch64.app.tar.gz.sig",0
2026-10-01,"v0.2.1","Riffle_x64.app.tar.gz",0
2026-10-01,"v0.2.1","Riffle_x64.app.tar.gz.sig",0
2026-10-01,"v0.2.1","latest.json",3
2026-10-01,"v0.2.2","Riffle-0.2.2-1.x86_64.rpm",0
2026-10-01,"v0.2.2","Riffle-0.2.2-1.x86_64.rpm.sig",0
2026-10-01,"v0.2.2","Riffle_0.2.2_aarch64.dmg",0
2026-10-01,"v0.2.2","Riffle_0.2.2_amd64.AppImage",0
2026-10-01,"v0.2.2","Riffle_0.2.2_amd64.AppImage.sig",0
2026-10-01,"v0.2.2","Riffle_0.2.2_amd64.deb",0
2026-10-01,"v0.2.2","Riffle_0.2.2_amd64.deb.sig",0
2026-10-01,"v0.2.2","Riffle_0.2.2_x64-setup.exe",1
2026-10-01,"v0.2.2","Riffle_0.2.2_x64-setup.exe.sig",0
2026-10-01,"v0.2.2","Riffle_0.2.2_x64.dmg",0
2026-10-01,"v0.2.2","Riffle_0.2.2_x64_en-US.msi",0
2026-10-01,"v0.2.2","Riffle_0.2.2_x64_en-US.msi.sig",0
2026-10-01,"v0.2.2","Riffle_aarch64.app.tar.gz",0
2026-10-01,"v0.2.2","Riffle_aarch64.app.tar.gz.sig",0
2026-10-01,"v0.2.2","Riffle_x64.app.tar.gz",0
2026-10-01,"v0.2.2","Riffle_x64.app.tar.gz.sig",0
2026-10-01,"v0.2.2","latest.json",1
2026-10-01,"v0.3.0","Riffle-0.3.0-1.x86_64.rpm",0
2026-10-01,"v0.3.0","Riffle-0.3.0-1.x86_64.rpm.sig",0
2026-10-01,"v0.3.0","Riffle_0.3.0_aarch64.dmg",0
2026-10-01,"v0.3.0","Riffle_0.3.0_amd64.AppImage",0
2026-10-01,"v0.3.0","Riffle_0.3.0_amd64.AppImage.sig",0
2026-10-01,"v0.3.0","Riffle_0.3.0_amd64.deb",0
2026-10-01,"v0.3.0","Riffle_0.3.0_amd64.deb.sig",0
2026-10-01,"v0.3.0","Riffle_0.3.0_x64-setup.exe",1
2026-10-01,"v0.3.0","Riffle_0.3.0_x64-setup.exe.sig",0
2026-10-01,"v0.3.0","Riffle_0.3.0_x64.dmg",0
2026-10-01,"v0.3.0","Riffle_0.3.0_x64_en-US.msi",0
2026-10-01,"v0.3.0","Riffle_0.3.0_x64_en-US.msi.sig",0
2026-10-01,"v0.3.0","Riffle_aarch64.app.tar.gz",0
2026-10-01,"v0.3.0","Riffle_aarch64.app.tar.gz.sig",0
2026-10-01,"v0.3.0","Riffle_x64.app.tar.gz",0
2026-10-01,"v0.3.0","Riffle_x64.app.tar.gz.sig",0
2026-10-01,"v0.3.0","latest.json",7
2026-10-01,"v0.3.1","Riffle-0.3.1-1.x86_64.rpm",0
2026-10-01,"v0.3.1","Riffle-0.3.1-1.x86_64.rpm.sig",0
2026-10-01,"v0.3.1","Riffle_0.3.1_aarch64.dmg",0
2026-10-01,"v0.3.1","Riffle_0.3.1_amd64.AppImage",0
2026-10-01,"v0.3.1","Riffle_0.3.1_amd64.AppImage.sig",0
2026-10-01,"v0.3.1","Riffle_0.3.1_amd64.deb",0
2026-10-01,"v0.3.1","Riffle_0.3.1_amd64.deb.sig",0
2026-10-01,"v0.3.1","Riffle_0.3.1_x64-setup.exe",2
2026-10-01,"v0.3.1","Riffle_0.3.1_x64-setup.exe.sig",0
2026-10-01,"v0.3.1","Riffle_0.3.1_x64.dmg",0
2026-10-01,"v0.3.1","Riffle_0.3.1_x64_en-US.msi",0
2026-10-01,"v0.3.1","Riffle_0.3.1_x64_en-US.msi.sig",0
2026-10-01,"v0.3.1","Riffle_aarch64.app.tar.gz",1
2026-10-01,"v0.3.1","Riffle_aarch64.app.tar.gz.sig",0
2026-10-01,"v0.3.1","Riffle_x64.app.tar.gz",0
2026-10-01,"v0.3.1","Riffle_x64.app.tar.gz.sig",0
2026-10-01,"v0.3.1","latest.json",4
2026-10-01,"v0.4.0","Riffle-0.4.0-1.x86_64.rpm",0
2026-10-01,"v0.4.0","Riffle-0.4.0-1.x86_64.rpm.sig",0
2026-10-01,"v0.4.0","Riffle_0.4.0_aarch64.dmg",0
2026-10-01,"v0.4.0","Riffle_0.4.0_amd64.AppImage",0
2026-10-01,"v0.4.0","Riffle_0.4.0_amd64.AppImage.sig",0
2026-10-01,"v0.4.0","Riffle_0.4.0_amd64.deb",0
2026-10-01,"v0.4.0","Riffle_0.4.0_amd64.deb.sig",0
2026-10-01,"v0.4.0","Riffle_0.4.0_x64-setup.exe",1
2026-10-01,"v0.4.0","Riffle_0.4.0_x64-setup.exe.sig",0
2026-10-01,"v0.4.0","Riffle_0.4.0_x64.dmg",0
2026-10-01,"v0.4.0","Riffle_0.4.0_x64_en-US.msi",0
2026-10-01,"v0.4.0","Riffle_0.4.0_x64_en-US.msi.sig",0
2026-10-01,"v0.4.0","Riffle_aarch64.app.tar.gz",0
2026-10-01,"v0.4.0","Riffle_aarch64.app.tar.gz.sig",0
2026-10-01,"v0.4.0","Riffle_x64.app.tar.gz",0
2026-10-01,"v0.4.0","Riffle_x64.app.tar.gz.sig",0
2026-10-01,"v0.4.0","latest.json",26
2026-10-01,"v1.0.0","Riffle-1.0.0-1.x86_64.rpm",0
2026-10-01,"v1.0.0","Riffle-1.0.0-1.x86_64.rpm.sig",0
2026-10-01,"v1.0.0","Riffle_1.0.0_aarch64.dmg",0
2026-10-01,"v1.0.0","Riffle_1.0.0_amd64.AppImage",0
2026-10-01,"v1.0.0","Riffle_1.0.0_amd64.AppImage.sig",0
2026-10-01,"v1.0.0","Riffle_1.0.0_amd64.deb",0
2026-10-01,"v1.0.0","Riffle_1.0.0_amd64.deb.sig",0
2026-10-01,"v1.0.0","Riffle_1.0.0_x64-setup.exe",1
2026-10-01,"v1.0.0","Riffle_1.0.0_x64-setup.exe.sig",0
2026-10-01,"v1.0.0","Riffle_1.0.0_x64.dmg",0
2026-10-01,"v1.0.0","Riffle_1.0.0_x64_en-US.msi",0
2026-10-01,"v1.0.0","Riffle_1.0.0_x64_en-US.msi.sig",0
2026-10-01,"v1.0.0","Riffle_aarch64.app.tar.gz",0
2026-10-01,"v1.0.0","Riffle_aarch64.app.tar.gz.sig",0
2026-10-01,"v1.0.0","Riffle_x64.app.tar.gz",0
2026-10-01,"v1.0.0","Riffle_x64.app.tar.gz.sig",0
2026-10-01,"v1.0.0","latest.json",7
2026-10-01,"v1.1.0","Riffle-1.1.0-1.x86_64.rpm",0
2026-10-01,"v1.1.0","Riffle-1.1.0-1.x86_64.rpm.sig",0
2026-10-01,"v1.1.0","Riffle_1.1.0_aarch64.dmg",0
2026-10-01,"v1.1.0","Riffle_1.1.0_amd64.AppImage",0
2026-10-01,"v1.1.0","Riffle_1.1.0_amd64.AppImage.sig",0
2026-10-01,"v1.1.0","Riffle_1.1.0_amd64.deb",0
2026-10-01,"v1.1.0","Riffle_1.1.0_amd64.deb.sig",0
2026-10-01,"v1.1.0","Riffle_1.1.0_x64-setup.exe",0
2026-10-01,"v1.1.0","Riffle_1.1.0_x64-setup.exe.sig",0
2026-10-01,"v1.1.0","Riffle_1.1.0_x64.dmg",0
2026-10-01,"v1.1.0","Riffle_1.1.0_x64_en-US.msi",0
2026-10-01,"v1.1.0","Riffle_1.1.0_x64_en-US.msi.sig",0
2026-10-01,"v1.1.0","Riffle_aarch64.app.tar.gz",0
2026-10-01,"v1.1.0","Riffle_aarch64.app.tar.gz.sig",0
2026-10-01,"v1.1.0","Riffle_x64.app.tar.gz",0
2026-10-01,"v1.1.0","Riffle_x64.app.tar.gz.sig",0
2026-10-01,"v1.1.0","latest.json",17
2026-10-02,"v0.1.0","Riffle-0.1.0-1.x86_64.rpm",0
2026-10-02,"v0.1.0","Riffle-0.1.0-1.x86_64.rpm.sig",0
2026-10-02,"v0.1.0","Riffle_0.1.0_aarch64.dmg",0
2026-10-02,"v0.1.0","Riffle_0.1.0_amd64.AppImage",0
2026-10-02,"v0.1.0","Riffle_0.1.0_amd64.AppImage.sig",0
2026-10-02,"v0.1.0","Riffle_0.1.0_amd64.deb",0
2026-10-02,"v0.1.0","Riffle_0.1.0_amd64.deb.sig",0
2026-10-02,"v0.1.0","Riffle_0.1.0_x64-setup.exe",0
2026-10-02,"v0.1.0","Riffle_0.1.0_x64-setup.exe.sig",0
2026-10-02,"v0.1.0","Riffle_0.1.0_x64.dmg",0
2026-10-02,"v0.1.0","Riffle_0.1.0_x64_en-US.msi",0
2026-10-02,"v0.1.0","Riffle_0.1.0_x64_en-US.msi.sig",0
2026-10-02,"v0.1.0","Riffle_aarch64.app.tar.gz",0
2026-10-02,"v0.1.0","Riffle_aarch64.app.tar.gz.sig",0
2026-10-02,"v0.1.0","Riffle_x64.app.tar.gz",0
2026-10-02,"v0.1.0","Riffle_x64.app.tar.gz.sig",0
2026-10-02,"v0.1.0","latest.json",14
2026-10-02,"v0.1.1","Riffle-0.1.1-1.x86_64.rpm",0
2026-10-02,"v0.1.1","Riffle-0.1.1-1.x86_64.rpm.sig",0
2026-10-02,"v0.1.1","Riffle_0.1.1_aarch64.dmg",1
2026-10-02,"v0.1.1","Riffle_0.1.1_amd64.AppImage",0
2026-10-02,"v0.1.1","Riffle_0.1.1_amd64.AppImage.sig",0
2026-10-02,"v0.1.1","Riffle_0.1.1_amd64.deb",0
2026-10-02,"v0.1.1","Riffle_0.1.1_amd64.deb.sig",0
2026-10-02,"v0.1.1","Riffle_0.1.1_x64-setup.exe",0
2026-10-02,"v0.1.1","Riffle_0.1.1_x64-setup.exe.sig",0
2026-10-02,"v0.1.1","Riffle_0.1.1_x64.dmg",0
2026-10-02,"v0.1.1","Riffle_0.1.1_x64_en-US.msi",0
2026-10-02,"v0.1.1","Riffle_0.1.1_x64_en-US.msi.sig",0
2026-10-02,"v0.1.1","Riffle_aarch64.app.tar.gz",0
2026-10-02,"v0.1.1","Riffle_aarch64.app.tar.gz.sig",0
2026-10-02,"v0.1.1","Riffle_x64.app.tar.gz",0
2026-10-02,"v0.1.1","Riffle_x64.app.tar.gz.sig",0
2026-10-02,"v0.1.1","latest.json",6
2026-10-02,"v0.1.10","Riffle-0.1.10-1.x86_64.rpm",0
2026-10-02,"v0.1.10","Riffle-0.1.10-1.x86_64.rpm.sig",0
2026-10-02,"v0.1.10","Riffle_0.1.10_aarch64.dmg",0
2026-10-02,"v0.1.10","Riffle_0.1.10_amd64.AppImage",0
2026-10-02,"v0.1.10","Riffle_0.1.10_amd64.AppImage.sig",0
2026-10-02,"v0.1.10","Riffle_0.1.10_amd64.deb",0
2026-10-02,"v0.1.10","Riffle_0.1.10_amd64.deb.sig",0
2026-10-02,"v0.1.10","Riffle_0.1.10_x64-setup.exe",0
2026-10-02,"v0.1.10","Riffle_0.1.10_x64-setup.exe.sig",0
2026-10-02,"v0.1.10","Riffle_0.1.10_x64.dmg",0
2026-10-02,"v0.1.10","Riffle_0.1.10_x64_en-US.msi",0
2026-10-02,"v0.1.10","Riffle_0.1.10_x64_en-US.msi.sig",0
2026-10-02,"v0.1.10","Riffle_aarch64.app.tar.gz",0
2026-10-02,"v0.1.10","Riffle_aarch64.app.tar.gz.sig",0
2026-10-02,"v0.1.10","Riffle_x64.app.tar.gz",0
2026-10-02,"v0.1.10","Riffle_x64.app.tar.gz.sig",0
2026-10-02,"v0.1.10","latest.json",5
2026-10-02,"v0.1.2","Riffle-0.1.2-1.x86_64.rpm",0
2026-10-02,"v0.1.2","Riffle-0.1.2-1.x86_64.rpm.sig",0
2026-10-02,"v0.1.2","Riffle_0.1.2_aarch64.dmg",0
2026-10-02,"v0.1.2","Riffle_0.1.2_amd64.AppImage",0
2026-10-02,"v0.1.2","Riffle_0.1.2_amd64.AppImage.sig",0
2026-10-02,"v0.1.2","Riffle_0.1.2_amd64.deb",0
2026-10-02,"v0.1.2","Riffle_0.1.2_amd64.deb.sig",0
2026-10-02,"v0.1.2","Riffle_0.1.2_x64-setup.exe",1
2026-10-02,"v0.1.2","Riffle_0.1.2_x64-setup.exe.sig",0
2026-10-02,"v0.1.2","Riffle_0.1.2_x64.dmg",0
2026-10-02,"v0.1.2","Riffle_0.1.2_x64_en-US.msi",0
2026-10-02,"v0.1.2","Riffle_0.1.2_x64_en-US.msi.sig",0
2026-10-02,"v0.1.2","Riffle_aarch64.app.tar.gz",1
2026-10-02,"v0.1.2","Riffle_aarch64.app.tar.gz.sig",0
2026-10-02,"v0.1.2","Riffle_x64.app.tar.gz",0
2026-10-02,"v0.1.2","Riffle_x64.app.tar.gz.sig",0
2026-10-02,"v0.1.2","latest.json",3
2026-10-02,"v0.1.3","Riffle-0.1.3-1.x86_64.rpm",0
2026-10-02,"v0.1.3","Riffle-0.1.3-1.x86_64.rpm.sig",0
2026-10-02,"v0.1.3","Riffle_0.1.3_aarch64.dmg",0
2026-10-02,"v0.1.3","Riffle_0.1.3_amd64.AppImage",0
2026-10-02,"v0.1.3","Riffle_0.1.3_amd64.AppImage.sig",0
2026-10-02,"v0.1.3","Riffle_0.1.3_amd64.deb",0
2026-10-02,"v0.1.3","Riffle_0.1.3_amd64.deb.sig",0
2026-10-02,"v0.1.3","Riffle_0.1.3_x64-setup.exe",1
2026-10-02,"v0.1.3","Riffle_0.1.3_x64-setup.exe.sig",0
2026-10-02,"v0.1.3","Riffle_0.1.3_x64.dmg",0
2026-10-02,"v0.1.3","Riffle_0.1.3_x64_en-US.msi",0
2026-10-02,"v0.1.3","Riffle_0.1.3_x64_en-US.msi.sig",0
2026-10-02,"v0.1.3","Riffle_aarch64.app.tar.gz",0
2026-10-02,"v0.1.3","Riffle_aarch64.app.tar.gz.sig",0
2026-10-02,"v0.1.3","Riffle_x64.app.tar.gz",0
2026-10-02,"v0.1.3","Riffle_x64.app.tar.gz.sig",0
2026-10-02,"v0.1.3","latest.json",0
2026-10-02,"v0.1.4","Riffle-0.1.4-1.x86_64.rpm",0
2026-10-02,"v0.1.4","Riffle-0.1.4-1.x86_64.rpm.sig",0
2026-10-02,"v0.1.4","Riffle_0.1.4_aarch64.dmg",0
2026-10-02,"v0.1.4","Riffle_0.1.4_amd64.AppImage",0
2026-10-02,"v0.1.4","Riffle_0.1.4_amd64.AppImage.sig",0
2026-10-02,"v0.1.4","Riffle_0.1.4_amd64.deb",0
2026-10-02,"v0.1.4","Riffle_0.1.4_amd64.deb.sig",0
2026-10-02,"v0.1.4","Riffle_0.1.4_x64-setup.exe",0
2026-10-02,"v0.1.4","Riffle_0.1.4_x64-setup.exe.sig",0
2026-10-02,"v0.1.4","Riffle_0.1.4_x64.dmg",0
2026-10-02,"v0.1.4","Riffle_0.1.4_x64_en-US.msi",0
2026-10-02,"v0.1.4","Riffle_0.1.4_x64_en-US.msi.sig",0
2026-10-02,"v0.1.4","Riffle_aarch64.app.tar.gz",0
2026-10-02,"v0.1.4","Riffle_aarch64.app.tar.gz.sig",0
2026-10-02,"v0.1.4","Riffle_x64.app.tar.gz",0
2026-10-02,"v0.1.4","Riffle_x64.app.tar.gz.sig",0
2026-10-02,"v0.1.4","latest.json",4
2026-10-02,"v0.1.5","Riffle-0.1.5-1.x86_64.rpm",0
2026-10-02,"v0.1.5","Riffle-0.1.5-1.x86_64.rpm.sig",0
2026-10-02,"v0.1.5","Riffle_0.1.5_aarch64.dmg",0
2026-10-02,"v0.1.5","Riffle_0.1.5_amd64.AppImage",0
2026-10-02,"v0.1.5","Riffle_0.1.5_amd64.AppImage.sig",0
2026-10-02,"v0.1.5","Riffle_0.1.5_amd64.deb",0
2026-10-02,"v0.1.5","Riffle_0.1.5_amd64.deb.sig",0
2026-10-02,"v0.1.5","Riffle_0.1.5_x64-setup.exe",1
2026-10-02,"v0.1.5","Riffle_0.1.5_x64-setup.exe.sig",0
2026-10-02,"v0.1.5","Riffle_0.1.5_x64.dmg",0
2026-10-02,"v0.1.5","Riffle_0.1.5_x64_en-US.msi",0
2026-10-02,"v0.1.5","Riffle_0.1.5_x64_en-US.msi.sig",0
2026-10-02,"v0.1.5","Riffle_aarch64.app.tar.gz",1
2026-10-02,"v0.1.5","Riffle_aarch64.app.tar.gz.sig",0
2026-10-02,"v0.1.5","Riffle_x64.app.tar.gz",0
2026-10-02,"v0.1.5","Riffle_x64.app.tar.gz.sig",0
2026-10-02,"v0.1.5","latest.json",15
2026-10-02,"v0.1.6","Riffle-0.1.6-1.x86_64.rpm",0
2026-10-02,"v0.1.6","Riffle-0.1.6-1.x86_64.rpm.sig",0
2026-10-02,"v0.1.6","Riffle_0.1.6_aarch64.dmg",0
2026-10-02,"v0.1.6","Riffle_0.1.6_amd64.AppImage",0
2026-10-02,"v0.1.6","Riffle_0.1.6_amd64.AppImage.sig",0
2026-10-02,"v0.1.6","Riffle_0.1.6_amd64.deb",0
2026-10-02,"v0.1.6","Riffle_0.1.6_amd64.deb.sig",0
2026-10-02,"v0.1.6","Riffle_0.1.6_x64-setup.exe",0
2026-10-02,"v0.1.6","Riffle_0.1.6_x64-setup.exe.sig",0
2026-10-02,"v0.1.6","Riffle_0.1.6_x64.dmg",0
2026-10-02,"v0.1.6","Riffle_0.1.6_x64_en-US.msi",0
2026-10-02,"v0.1.6","Riffle_0.1.6_x64_en-US.msi.sig",0
2026-10-02,"v0.1.6","Riffle_aarch64.app.tar.gz",0
2026-10-02,"v0.1.6","Riffle_aarch64.app.tar.gz.sig",0
2026-10-02,"v0.1.6","Riffle_x64.app.tar.gz",0
2026-10-02,"v0.1.6","Riffle_x64.app.tar.gz.sig",0
2026-10-02,"v0.1.6","latest.json",10
2026-10-02,"v0.1.7","Riffle-0.1.7-1.x86_64.rpm",0
2026-10-02,"v0.1.7","Riffle-0.1.7-1.x86_64.rpm.sig",0
2026-10-02,"v0.1.7","Riffle_0.1.7_aarch64.dmg",0
2026-10-02,"v0.1.7","Riffle_0.1.7_amd64.AppImage",0
2026-10-02,"v0.1.7","Riffle_0.1.7_amd64.AppImage.sig",0
2026-10-02,"v0.1.7","Riffle_0.1.7_amd64.deb",0
2026-10-02,"v0.1.7","Riffle_0.1.7_amd64.deb.sig",0
2026-10-02,"v0.1.7","Riffle_0.1.7_x64-setup.exe",0
2026-10-02,"v0.1.7","Riffle_0.1.7_x64-setup.exe.sig",0
2026-10-02,"v0.1.7","Riffle_0.1.7_x64.dmg",0
2026-10-02,"v0.1.7","Riffle_0.1.7_x64_en-US.msi",0
2026-10-02,"v0.1.7","Riffle_0.1.7_x64_en-US.msi.sig",0
2026-10-02,"v0.1.7","Riffle_aarch64.app.tar.gz",0
2026-10-02,"v0.1.7","Riffle_aarch64.app.tar.gz.sig",0
2026-10-02,"v0.1.7","Riffle_x64.app.tar.gz",0
2026-10-02,"v0.1.7","Riffle_x64.app.tar.gz.sig",0
2026-10-02,"v0.1.7","latest.json",13
2026-10-02,"v0.1.8","Riffle-0.1.8-1.x86_64.rpm",0
2026-10-02,"v0.1.8","Riffle-0.1.8-1.x86_64.rpm.sig",0
2026-10-02,"v0.1.8","Riffle_0.1.8_aarch64.dmg",0
2026-10-02,"v0.1.8","Riffle_0.1.8_amd64.AppImage",0
2026-10-02,"v0.1.8","Riffle_0.1.8_amd64.AppImage.sig",0
2026-10-02,"v0.1.8","Riffle_0.1.8_amd64.deb",0
2026-10-02,"v0.1.8","Riffle_0.1.8_amd64.deb.sig",0
2026-10-02,"v0.1.8","Riffle_0.1.8_x64-setup.exe",0
2026-10-02,"v0.1.8","Riffle_0.1.8_x64-setup.exe.sig",0
2026-10-02,"v0.1.8","Riffle_0.1.8_x64.dmg",0
2026-10-02,"v0.1.8","Riffle_0.1.8_x64_en-US.msi",0
2026-10-02,"v0.1.8","Riffle_0.1.8_x64_en-US.msi.sig",0
2026-10-02,"v0.1.8","Riffle_aarch64.app.tar.gz",1
2026-10-02,"v0.1.8","Riffle_aarch64.app.tar.gz.sig",0
2026-10-02,"v0.1.8","Riffle_x64.app.tar.gz",0
2026-10-02,"v0.1.8","Riffle_x64.app.tar.gz.sig",0
2026-10-02,"v0.1.8","latest.json",19
2026-10-02,"v0.1.9","Riffle-0.1.9-1.x86_64.rpm",0
2026-10-02,"v0.1.9","Riffle-0.1.9-1.x86_64.rpm.sig",0
2026-10-02,"v0.1.9","Riffle_0.1.9_aarch64.dmg",0
2026-10-02,"v0.1.9","Riffle_0.1.9_amd64.AppImage",0
2026-10-02,"v0.1.9","Riffle_0.1.9_amd64.AppImage.sig",0
2026-10-02,"v0.1.9","Riffle_0.1.9_amd64.deb",0
2026-10-02,"v0.1.9","Riffle_0.1.9_amd64.deb.sig",0
2026-10-02,"v0.1.9","Riffle_0.1.9_x64-setup.exe",2
2026-10-02,"v0.1.9","Riffle_0.1.9_x64-setup.exe.sig",0
2026-10-02,"v0.1.9","Riffle_0.1.9_x64.dmg",0
2026-10-02,"v0.1.9","Riffle_0.1.9_x64_en-US.msi",0
2026-10-02,"v0.1.9","Riffle_0.1.9_x64_en-US.msi.sig",0
2026-10-02,"v0.1.9","Riffle_aarch64.app.tar.gz",0
2026-10-02,"v0.1.9","Riffle_aarch64.app.tar.gz.sig",0
2026-10-02,"v0.1.9","Riffle_x64.app.tar.gz",0
2026-10-02,"v0.1.9","Riffle_x64.app.tar.gz.sig",0
2026-10-02,"v0.1.9","latest.json",18
2026-10-02,"v0.2.0","Riffle-0.2.0-1.x86_64.rpm",0
2026-10-02,"v0.2.0","Riffle-0.2.0-1.x86_64.rpm.sig",0
2026-10-02,"v0.2.0","Riffle_0.2.0_aarch64.dmg",0
2026-10-02,"v0.2.0","Riffle_0.2.0_amd64.AppImage",0
2026-10-02,"v0.2.0","Riffle_0.2.0_amd64.AppImage.sig",0
2026-10-02,"v0.2.0","Riffle_0.2.0_amd64.deb",0
2026-10-02,"v0.2.0","Riffle_0.2.0_amd64.deb.sig",0
2026-10-02,"v0.2.0","Riffle_0.2.0_x64-setup.exe",1
2026-10-02,"v0.2.0","Riffle_0.2.0_x64-setup.exe.sig",0
2026-10-02,"v0.2.0","Riffle_0.2.0_x64.dmg",0
2026-10-02,"v0.2.0","Riffle_0.2.0_x64_en-US.msi",0
2026-10-02,"v0.2.0","Riffle_0.2.0_x64_en-US.msi.sig",0
2026-10-02,"v0.2.0","Riffle_aarch64.app.tar.gz",0
2026-10-02,"v0.2.0","Riffle_aarch64.app.tar.gz.sig",0
2026-10-02,"v0.2.0","Riffle_x64.app.tar.gz",0
2026-10-02,"v0.2.0","Riffle_x64.app.tar.gz.sig",0
2026-10-02,"v0.2.0","latest.json",2
2026-10-02,"v0.2.1","Riffle-0.2.1-1.x86_64.rpm",0
2026-10-02,"v0.2.1","Riffle-0.2.1-1.x86_64.rpm.sig",0
2026-10-02,"v0.2.1","Riffle_0.2.1_aarch64.dmg",0
2026-10-02,"v0.2.1","Riffle_0.2.1_amd64.AppImage",1
2026-10-02,"v0.2.1","Riffle_0.2.1_amd64.AppImage.sig",0
2026-10-02,"v0.2.1","Riffle_0.2.1_amd64.deb",0
2026-10-02,"v0.2.1","Riffle_0.2.1_amd64.deb.sig",0
2026-10-02,"v0.2.1","Riffle_0.2.1_x64-setup.exe",0
2026-10-02,"v0.2.1","Riffle_0.2.1_x64-setup.exe.sig",0
2026-10-02,"v0.2.1","Riffle_0.2.1_x64.dmg",0
2026-10-02,"v0.2.1","Riffle_0.2.1_x64_en-US.msi",0
2026-10-02,"v0.2.1","Riffle_0.2.1_x64_en-US.msi.sig",0
2026-10-02,"v0.2.1","Riffle_aarch64.app.tar.gz",0
2026-10-02,"v0.2.1","Riffle_aarch64.app.tar.gz.sig",0
2026-10-02,"v0.2.1","Riffle_x64.app.tar.gz",0
2026-10-02,"v0.2.1","Riffle_x64.app.tar.gz.sig",0
2026-10-02,"v0.2.1","latest.json",3
2026-10-02,"v0.2.2","Riffle-0.2.2-1.x86_64.rpm",0
2026-10-02,"v0.2.2","Riffle-0.2.2-1.x86_64.rpm.sig",0
2026-10-02,"v0.2.2","Riffle_0.2.2_aarch64.dmg",0
2026-10-02,"v0.2.2","Riffle_0.2.2_amd64.AppImage",0
2026-10-02,"v0.2.2","Riffle_0.2.2_amd64.AppImage.sig",0
2026-10-02,"v0.2.2","Riffle_0.2.2_amd64.deb",0
2026-10-02,"v0.2.2","Riffle_0.2.2_amd64.deb.sig",0
2026-10-02,"v0.2.2","Riffle_0.2.2_x64-setup.exe",1
2026-10-02,"v0.2.2","Riffle_0.2.2_x64-setup.exe.sig",0
2026-10-02,"v0.2.2","Riffle_0.2.2_x64.dmg",0
2026-10-02,"v0.2.2","Riffle_0.2.2_x64_en-US.msi",0
2026-10-02,"v0.2.2","Riffle_0.2.2_x64_en-US.msi.sig",0
2026-10-02,"v0.2.2","Riffle_aarch64.app.tar.gz",0
2026-10-02,"v0.2.2","Riffle_aarch64.app.tar.gz.sig",0
2026-10-02,"v0.2.2","Riffle_x64.app.tar.gz",0
2026-10-02,"v0.2.2","Riffle_x64.app.tar.gz.sig",0
2026-10-02,"v0.2.2","latest.json",1
2026-10-02,"v0.3.0","Riffle-0.3.0-1.x86_64.rpm",0
2026-10-02,"v0.3.0","Riffle-0.3.0-1.x86_64.rpm.sig",0
2026-10-02,"v0.3.0","Riffle_0.3.0_aarch64.dmg",0
2026-10-02,"v0.3.0","Riffle_0.3.0_amd64.AppImage",0
2026-10-02,"v0.3.0","Riffle_0.3.0_amd64.AppImage.sig",0
2026-10-02,"v0.3.0","Riffle_0.3.0_amd64.deb",0
2026-10-02,"v0.3.0","Riffle_0.3.0_amd64.deb.sig",0
2026-10-02,"v0.3.0","Riffle_0.3.0_x64-setup.exe",1
2026-10-02,"v0.3.0","Riffle_0.3.0_x64-setup.exe.sig",0
2026-10-02,"v0.3.0","Riffle_0.3.0_x64.dmg",0
2026-10-02,"v0.3.0","Riffle_0.3.0_x64_en-US.msi",0
2026-10-02,"v0.3.0","Riffle_0.3.0_x64_en-US.msi.sig",0
2026-10-02,"v0.3.0","Riffle_aarch64.app.tar.gz",0
2026-10-02,"v0.3.0","Riffle_aarch64.app.tar.gz.sig",0
2026-10-02,"v0.3.0","Riffle_x64.app.tar.gz",0
2026-10-02,"v0.3.0","Riffle_x64.app.tar.gz.sig",0
2026-10-02,"v0.3.0","latest.json",7
2026-10-02,"v0.3.1","Riffle-0.3.1-1.x86_64.rpm",0
2026-10-02,"v0.3.1","Riffle-0.3.1-1.x86_64.rpm.sig",0
2026-10-02,"v0.3.1","Riffle_0.3.1_aarch64.dmg",0
2026-10-02,"v0.3.1","Riffle_0.3.1_amd64.AppImage",0
2026-10-02,"v0.3.1","Riffle_0.3.1_amd64.AppImage.sig",0
2026-10-02,"v0.3.1","Riffle_0.3.1_amd64.deb",0
2026-10-02,"v0.3.1","Riffle_0.3.1_amd64.deb.sig",0
2026-10-02,"v0.3.1","Riffle_0.3.1_x64-setup.exe",2
2026-10-02,"v0.3.1","Riffle_0.3.1_x64-setup.exe.sig",0
2026-10-02,"v0.3.1","Riffle_0.3.1_x64.dmg",0
2026-10-02,"v0.3.1","Riffle_0.3.1_x64_en-US.msi",0
2026-10-02,"v0.3.1","Riffle_0.3.1_x64_en-US.msi.sig",0
2026-10-02,"v0.3.1","Riffle_aarch64.app.tar.gz",1
2026-10-02,"v0.3.1","Riffle_aarch64.app.tar.gz.sig",0
2026-10-02,"v0.3.1","Riffle_x64.app.tar.gz",0
2026-10-02,"v0.3.1","Riffle_x64.app.tar.gz.sig",0
2026-10-02,"v0.3.1","latest.json",4
2026-10-02,"v0.4.0","Riffle-0.4.0-1.x86_64.rpm",0
2026-10-02,"v0.4.0","Riffle-0.4.0-1.x86_64.rpm.sig",0
2026-10-02,"v0.4.0","Riffle_0.4.0_aarch64.dmg",0
2026-10-02,"v0.4.0","Riffle_0.4.0_amd64.AppImage",0
2026-10-02,"v0.4.0","Riffle_0.4.0_amd64.AppImage.sig",0
2026-10-02,"v0.4.0","Riffle_0.4.0_amd64.deb",0
2026-10-02,"v0.4.0","Riffle_0.4.0_amd64.deb.sig",0
2026-10-02,"v0.4.0","Riffle_0.4.0_x64-setup.exe",1
2026-10-02,"v0.4.0","Riffle_0.4.0_x64-setup.exe.sig",0
2026-10-02,"v0.4.0","Riffle_0.4.0_x64.dmg",0
2026-10-02,"v0.4.0","Riffle_0.4.0_x64_en-US.msi",0
2026-10-02,"v0.4.0","Riffle_0.4.0_x64_en-US.msi.sig",0
2026-10-02,"v0.4.0","Riffle_aarch64.app.tar.gz",0
2026-10-02,"v0.4.0","Riffle_aarch64.app.tar.gz.sig",0
2026-10-02,"v0.4.0","Riffle_x64.app.tar.gz",0
2026-10-02,"v0.4.0","Riffle_x64.app.tar.gz.sig",0
2026-10-02,"v0.4.0","latest.json",26
2026-10-02,"v1.0.0","Riffle-1.0.0-1.x86_64.rpm",0
2026-10-02,"v1.0.0","Riffle-1.0.0-1.x86_64.rpm.sig",0
2026-10-02,"v1.0.0","Riffle_1.0.0_aarch64.dmg",0
2026-10-02,"v1.0.0","Riffle_1.0.0_amd64.AppImage",0
2026-10-02,"v1.0.0","Riffle_1.0.0_amd64.AppImage.sig",0
2026-10-02,"v1.0.0","Riffle_1.0.0_amd64.deb",0
2026-10-02,"v1.0.0","Riffle_1.0.0_amd64.deb.sig",0
2026-10-02,"v1.0.0","Riffle_1.0.0_x64-setup.exe",1
2026-10-02,"v1.0.0","Riffle_1.0.0_x64-setup.exe.sig",0
2026-10-02,"v1.0.0","Riffle_1.0.0_x64.dmg",0
2026-10-02,"v1.0.0","Riffle_1.0.0_x64_en-US.msi",0
2026-10-02,"v1.0.0","Riffle_1.0.0_x64_en-US.msi.sig",0
2026-10-02,"v1.0.0","Riffle_aarch64.app.tar.gz",0
2026-10-02,"v1.0.0","Riffle_aarch64.app.tar.gz.sig",0
2026-10-02,"v1.0.0","Riffle_x64.app.tar.gz",0
2026-10-02,"v1.0.0","Riffle_x64.app.tar.gz.sig",0
2026-10-02,"v1.0.0","latest.json",7
2026-10-02,"v1.1.0","Riffle-1.1.0-1.x86_64.rpm",0
2026-10-02,"v1.1.0","Riffle-1.1.0-1.x86_64.rpm.sig",0
2026-10-02,"v1.1.0","Riffle_1.1.0_aarch64.dmg",0
2026-10-02,"v1.1.0","Riffle_1.1.0_amd64.AppImage",0
2026-10-02,"v1.1.0","Riffle_1.1.0_amd64.AppImage.sig",0
2026-10-02,"v1.1.0","Riffle_1.1.0_amd64.deb",0
2026-10-02,"v1.1.0","Riffle_1.1.0_amd64.deb.sig",0
2026-10-02,"v1.1.0","Riffle_1.1.0_x64-setup.exe",0
2026-10-02,"v1.1.0","Riffle_1.1.0_x64-setup.exe.sig",0
2026-10-02,"v1.1.0","Riffle_1.1.0_x64.dmg",0
2026-10-02,"v1.1.0","Riffle_1.1.0_x64_en-US.msi",0
2026-10-02,"v1.1.0","Riffle_1.1.0_x64_en-US.msi.sig",0
2026-10-02,"v1.1.0","Riffle_aarch64.app.tar.gz",0
2026-10-02,"v1.1.0","Riffle_aarch64.app.tar.gz.sig",0
2026-10-02,"v1.1.0","Riffle_x64.app.tar.gz",0
2026-10-02,"v1.1.0","Riffle_x64.app.tar.gz.sig",0
2026-10-02,"v1.1.0","latest.json",18
2026-10-02,"v1.2.0","Riffle-1.2.0-1.x86_64.rpm",0
2026-10-02,"v1.2.0","Riffle-1.2.0-1.x86_64.rpm.sig",0
2026-10-02,"v1.2.0","Riffle_1.2.0_aarch64.dmg",0
2026-10-02,"v1.2.0","Riffle_1.2.0_amd64.AppImage",0
2026-10-02,"v1.2.0","Riffle_1.2.0_amd64.AppImage.sig",0
2026-10-02,"v1.2.0","Riffle_1.2.0_amd64.deb",0
2026-10-02,"v1.2.0","Riffle_1.2.0_amd64.deb.sig",0
2026-10-02,"v1.2.0","Riffle_1.2.0_x64-setup.exe",0
2026-10-02,"v1.2.0","Riffle_1.2.0_x64-setup.exe.sig",0
2026-10-02,"v1.2.0","Riffle_1.2.0_x64.dmg",0
2026-10-02,"v1.2.0","Riffle_1.2.0_x64_en-US.msi",0
2026-10-02,"v1.2.0","Riffle_1.2.0_x64_en-US.msi.sig",0
2026-10-02,"v1.2.0","Riffle_aarch64.app.tar.gz",0
2026-10-02,"v1.2.0","Riffle_aarch64.app.tar.gz.sig",0
2026-10-02,"v1.2.0","Riffle_x64.app.tar.gz",0
2026-10-02,"v1.2.0","Riffle_x64.app.tar.gz.sig",0
2026-10-02,"v1.2.0","latest.json",3
2026-10-02,"v1.3.0","Riffle-1.3.0-1.x86_64.rpm",0
2026-10-02,"v1.3.0","Riffle-1.3.0-1.x86_64.rpm.sig",0
2026-10-02,"v1.3.0","Riffle_1.3.0_aarch64.dmg",0
2026-10-02,"v1.3.0","Riffle_1.3.0_amd64.AppImage",1
2026-10-02,"v1.3.0","Riffle_1.3.0_amd64.AppImage.sig",0
2026-10-02,"v1.3.0","Riffle_1.3.0_amd64.deb",0
2026-10-02,"v1.3.0","Riffle_1.3.0_amd64.deb.sig",0
2026-10-02,"v1.3.0","Riffle_1.3.0_x64-setup.exe",0
2026-10-02,"v1.3.0","Riffle_1.3.0_x64-setup.exe.sig",0
2026-10-02,"v1.3.0","Riffle_1.3.0_x64.dmg",0
2026-10-02,"v1.3.0","Riffle_1.3.0_x64_en-US.msi",0
2026-10-02,"v1.3.0","Riffle_1.3.0_x64_en-US.msi.sig",0
2026-10-02,"v1.3.0","Riffle_aarch64.app.tar.gz",0
2026-10-02,"v1.3.0","Riffle_aarch64.app.tar.gz.sig",0
2026-10-02,"v1.3.0","Riffle_x64.app.tar.gz",0
2026-10-02,"v1.3.0","Riffle_x64.app.tar.gz.sig",0
2026-10-02,"v1.3.0","latest.json",1
2026-10-03,"v0.1.0","Riffle-0.1.0-1.x86_64.rpm",0
2026-10-03,"v0.1.0","Riffle-0.1.0-1.x86_64.rpm.sig",0
2026-10-03,"v0.1.0","Riffle_0.1.0_aarch64.dmg",0
2026-10-03,"v0.1.0","Riffle_0.1.0_amd64.AppImage",0
2026-10-03,"v0.1.0","Riffle_0.1.0_amd64.AppImage.sig",0
2026-10-03,"v0.1.0","Riffle_0.1.0_amd64.deb",0
2026-10-03,"v0.1.0","Riffle_0.1.0_amd64.deb.sig",0
2026-10-03,"v0.1.0","Riffle_0.1.0_x64-setup.exe",0
2026-10-03,"v0.1.0","Riffle_0.1.0_x64-setup.exe.sig",0
2026-10-03,"v0.1.0","Riffle_0.1.0_x64.dmg",0
2026-10-03,"v0.1.0","Riffle_0.1.0_x64_en-US.msi",0
2026-10-03,"v0.1.0","Riffle_0.1.0_x64_en-US.msi.sig",0
2026-10-03,"v0.1.0","Riffle_aarch64.app.tar.gz",0
2026-10-03,"v0.1.0","Riffle_aarch64.app.tar.gz.sig",0
2026-10-03,"v0.1.0","Riffle_x64.app.tar.gz",0
2026-10-03,"v0.1.0","Riffle_x64.app.tar.gz.sig",0
2026-10-03,"v0.1.0","latest.json",14
2026-10-03,"v0.1.1","Riffle-0.1.1-1.x86_64.rpm",0
2026-10-03,"v0.1.1","Riffle-0.1.1-1.x86_64.rpm.sig",0
2026-10-03,"v0.1.1","Riffle_0.1.1_aarch64.dmg",1
2026-10-03,"v0.1.1","Riffle_0.1.1_amd64.AppImage",0
2026-10-03,"v0.1.1","Riffle_0.1.1_amd64.AppImage.sig",0
2026-10-03,"v0.1.1","Riffle_0.1.1_amd64.deb",0
2026-10-03,"v0.1.1","Riffle_0.1.1_amd64.deb.sig",0
2026-10-03,"v0.1.1","Riffle_0.1.1_x64-setup.exe",0
2026-10-03,"v0.1.1","Riffle_0.1.1_x64-setup.exe.sig",0
2026-10-03,"v0.1.1","Riffle_0.1.1_x64.dmg",0
2026-10-03,"v0.1.1","Riffle_0.1.1_x64_en-US.msi",0
2026-10-03,"v0.1.1","Riffle_0.1.1_x64_en-US.msi.sig",0
2026-10-03,"v0.1.1","Riffle_aarch64.app.tar.gz",0
2026-10-03,"v0.1.1","Riffle_aarch64.app.tar.gz.sig",0
2026-10-03,"v0.1.1","Riffle_x64.app.tar.gz",0
2026-10-03,"v0.1.1","Riffle_x64.app.tar.gz.sig",0
2026-10-03,"v0.1.1","latest.json",6
2026-10-03,"v0.1.10","Riffle-0.1.10-1.x86_64.rpm",0
2026-10-03,"v0.1.10","Riffle-0.1.10-1.x86_64.rpm.sig",0
2026-10-03,"v0.1.10","Riffle_0.1.10_aarch64.dmg",0
2026-10-03,"v0.1.10","Riffle_0.1.10_amd64.AppImage",0
2026-10-03,"v0.1.10","Riffle_0.1.10_amd64.AppImage.sig",0
2026-10-03,"v0.1.10","Riffle_0.1.10_amd64.deb",0
2026-10-03,"v0.1.10","Riffle_0.1.10_amd64.deb.sig",0
2026-10-03,"v0.1.10","Riffle_0.1.10_x64-setup.exe",0
2026-10-03,"v0.1.10","Riffle_0.1.10_x64-setup.exe.sig",0
2026-10-03,"v0.1.10","Riffle_0.1.10_x64.dmg",0
2026-10-03,"v0.1.10","Riffle_0.1.10_x64_en-US.msi",0
2026-10-03,"v0.1.10","Riffle_0.1.10_x64_en-US.msi.sig",0
2026-10-03,"v0.1.10","Riffle_aarch64.app.tar.gz",0
2026-10-03,"v0.1.10","Riffle_aarch64.app.tar.gz.sig",0
2026-10-03,"v0.1.10","Riffle_x64.app.tar.gz",0
2026-10-03,"v0.1.10","Riffle_x64.app.tar.gz.sig",0
2026-10-03,"v0.1.10","latest.json",5
2026-10-03,"v0.1.2","Riffle-0.1.2-1.x86_64.rpm",0
2026-10-03,"v0.1.2","Riffle-0.1.2-1.x86_64.rpm.sig",0
2026-10-03,"v0.1.2","Riffle_0.1.2_aarch64.dmg",0
2026-10-03,"v0.1.2","Riffle_0.1.2_amd64.AppImage",0
2026-10-03,"v0.1.2","Riffle_0.1.2_amd64.AppImage.sig",0
2026-10-03,"v0.1.2","Riffle_0.1.2_amd64.deb",0
2026-10-03,"v0.1.2","Riffle_0.1.2_amd64.deb.sig",0
2026-10-03,"v0.1.2","Riffle_0.1.2_x64-setup.exe",1
2026-10-03,"v0.1.2","Riffle_0.1.2_x64-setup.exe.sig",0
2026-10-03,"v0.1.2","Riffle_0.1.2_x64.dmg",0
2026-10-03,"v0.1.2","Riffle_0.1.2_x64_en-US.msi",0
2026-10-03,"v0.1.2","Riffle_0.1.2_x64_en-US.msi.sig",0
2026-10-03,"v0.1.2","Riffle_aarch64.app.tar.gz",1
2026-10-03,"v0.1.2","Riffle_aarch64.app.tar.gz.sig",0
2026-10-03,"v0.1.2","Riffle_x64.app.tar.gz",0
2026-10-03,"v0.1.2","Riffle_x64.app.tar.gz.sig",0
2026-10-03,"v0.1.2","latest.json",3
2026-10-03,"v0.1.3","Riffle-0.1.3-1.x86_64.rpm",0
2026-10-03,"v0.1.3","Riffle-0.1.3-1.x86_64.rpm.sig",0
2026-10-03,"v0.1.3","Riffle_0.1.3_aarch64.dmg",0
2026-10-03,"v0.1.3","Riffle_0.1.3_amd64.AppImage",0
2026-10-03,"v0.1.3","Riffle_0.1.3_amd64.AppImage.sig",0
2026-10-03,"v0.1.3","Riffle_0.1.3_amd64.deb",0
2026-10-03,"v0.1.3","Riffle_0.1.3_amd64.deb.sig",0
2026-10-03,"v0.1.3","Riffle_0.1.3_x64-setup.exe",1
2026-10-03,"v0.1.3","Riffle_0.1.3_x64-setup.exe.sig",0
2026-10-03,"v0.1.3","Riffle_0.1.3_x64.dmg",0
2026-10-03,"v0.1.3","Riffle_0.1.3_x64_en-US.msi",0
2026-10-03,"v0.1.3","Riffle_0.1.3_x64_en-US.msi.sig",0
2026-10-03,"v0.1.3","Riffle_aarch64.app.tar.gz",0
2026-10-03,"v0.1.3","Riffle_aarch64.app.tar.gz.sig",0
2026-10-03,"v0.1.3","Riffle_x64.app.tar.gz",0
2026-10-03,"v0.1.3","Riffle_x64.app.tar.gz.sig",0
2026-10-03,"v0.1.3","latest.json",0
2026-10-03,"v0.1.4","Riffle-0.1.4-1.x86_64.rpm",0
2026-10-03,"v0.1.4","Riffle-0.1.4-1.x86_64.rpm.sig",0
2026-10-03,"v0.1.4","Riffle_0.1.4_aarch64.dmg",0
2026-10-03,"v0.1.4","Riffle_0.1.4_amd64.AppImage",0
2026-10-03,"v0.1.4","Riffle_0.1.4_amd64.AppImage.sig",0
2026-10-03,"v0.1.4","Riffle_0.1.4_amd64.deb",0
2026-10-03,"v0.1.4","Riffle_0.1.4_amd64.deb.sig",0
2026-10-03,"v0.1.4","Riffle_0.1.4_x64-setup.exe",0
2026-10-03,"v0.1.4","Riffle_0.1.4_x64-setup.exe.sig",0
2026-10-03,"v0.1.4","Riffle_0.1.4_x64.dmg",0
2026-10-03,"v0.1.4","Riffle_0.1.4_x64_en-US.msi",0
2026-10-03,"v0.1.4","Riffle_0.1.4_x64_en-US.msi.sig",0
2026-10-03,"v0.1.4","Riffle_aarch64.app.tar.gz",0
2026-10-03,"v0.1.4","Riffle_aarch64.app.tar.gz.sig",0
2026-10-03,"v0.1.4","Riffle_x64.app.tar.gz",0
2026-10-03,"v0.1.4","Riffle_x64.app.tar.gz.sig",0
2026-10-03,"v0.1.4","latest.json",4
2026-10-03,"v0.1.5","Riffle-0.1.5-1.x86_64.rpm",0
2026-10-03,"v0.1.5","Riffle-0.1.5-1.x86_64.rpm.sig",0
2026-10-03,"v0.1.5","Riffle_0.1.5_aarch64.dmg",0
2026-10-03,"v0.1.5","Riffle_0.1.5_amd64.AppImage",0
2026-10-03,"v0.1.5","Riffle_0.1.5_amd64.AppImage.sig",0
2026-10-03,"v0.1.5","Riffle_0.1.5_amd64.deb",0
2026-10-03,"v0.1.5","Riffle_0.1.5_amd64.deb.sig",0
2026-10-03,"v0.1.5","Riffle_0.1.5_x64-setup.exe",1
2026-10-03,"v0.1.5","Riffle_0.1.5_x64-setup.exe.sig",0
2026-10-03,"v0.1.5","Riffle_0.1.5_x64.dmg",0
2026-10-03,"v0.1.5","Riffle_0.1.5_x64_en-US.msi",0
2026-10-03,"v0.1.5","Riffle_0.1.5_x64_en-US.msi.sig",0
2026-10-03,"v0.1.5","Riffle_aarch64.app.tar.gz",1
2026-10-03,"v0.1.5","Riffle_aarch64.app.tar.gz.sig",0
2026-10-03,"v0.1.5","Riffle_x64.app.tar.gz",0
2026-10-03,"v0.1.5","Riffle_x64.app.tar.gz.sig",0
2026-10-03,"v0.1.5","latest.json",15
2026-10-03,"v0.1.6","Riffle-0.1.6-1.x86_64.rpm",0
2026-10-03,"v0.1.6","Riffle-0.1.6-1.x86_64.rpm.sig",0
2026-10-03,"v0.1.6","Riffle_0.1.6_aarch64.dmg",0
2026-10-03,"v0.1.6","Riffle_0.1.6_amd64.AppImage",0
2026-10-03,"v0.1.6","Riffle_0.1.6_amd64.AppImage.sig",0
2026-10-03,"v0.1.6","Riffle_0.1.6_amd64.deb",0
2026-10-03,"v0.1.6","Riffle_0.1.6_amd64.deb.sig",0
2026-10-03,"v0.1.6","Riffle_0.1.6_x64-setup.exe",0
2026-10-03,"v0.1.6","Riffle_0.1.6_x64-setup.exe.sig",0
2026-10-03,"v0.1.6","Riffle_0.1.6_x64.dmg",0
2026-10-03,"v0.1.6","Riffle_0.1.6_x64_en-US.msi",0
2026-10-03,"v0.1.6","Riffle_0.1.6_x64_en-US.msi.sig",0
2026-10-03,"v0.1.6","Riffle_aarch64.app.tar.gz",0
2026-10-03,"v0.1.6","Riffle_aarch64.app.tar.gz.sig",0
2026-10-03,"v0.1.6","Riffle_x64.app.tar.gz",0
2026-10-03,"v0.1.6","Riffle_x64.app.tar.gz.sig",0
2026-10-03,"v0.1.6","latest.json",10
2026-10-03,"v0.1.7","Riffle-0.1.7-1.x86_64.rpm",0
2026-10-03,"v0.1.7","Riffle-0.1.7-1.x86_64.rpm.sig",0
2026-10-03,"v0.1.7","Riffle_0.1.7_aarch64.dmg",0
2026-10-03,"v0.1.7","Riffle_0.1.7_amd64.AppImage",0
2026-10-03,"v0.1.7","Riffle_0.1.7_amd64.AppImage.sig",0
2026-10-03,"v0.1.7","Riffle_0.1.7_amd64.deb",0
2026-10-03,"v0.1.7","Riffle_0.1.7_amd64.deb.sig",0
2026-10-03,"v0.1.7","Riffle_0.1.7_x64-setup.exe",0
2026-10-03,"v0.1.7","Riffle_0.1.7_x64-setup.exe.sig",0
2026-10-03,"v0.1.7","Riffle_0.1.7_x64.dmg",0
2026-10-03,"v0.1.7","Riffle_0.1.7_x64_en-US.msi",0
2026-10-03,"v0.1.7","Riffle_0.1.7_x64_en-US.msi.sig",0
2026-10-03,"v0.1.7","Riffle_aarch64.app.tar.gz",0
2026-10-03,"v0.1.7","Riffle_aarch64.app.tar.gz.sig",0
2026-10-03,"v0.1.7","Riffle_x64.app.tar.gz",0
2026-10-03,"v0.1.7","Riffle_x64.app.tar.gz.sig",0
2026-10-03,"v0.1.7","latest.json",13
2026-10-03,"v0.1.8","Riffle-0.1.8-1.x86_64.rpm",0
2026-10-03,"v0.1.8","Riffle-0.1.8-1.x86_64.rpm.sig",0
2026-10-03,"v0.1.8","Riffle_0.1.8_aarch64.dmg",0
2026-10-03,"v0.1.8","Riffle_0.1.8_amd64.AppImage",0
2026-10-03,"v0.1.8","Riffle_0.1.8_amd64.AppImage.sig",0
2026-10-03,"v0.1.8","Riffle_0.1.8_amd64.deb",0
2026-10-03,"v0.1.8","Riffle_0.1.8_amd64.deb.sig",0
2026-10-03,"v0.1.8","Riffle_0.1.8_x64-setup.exe",0
2026-10-03,"v0.1.8","Riffle_0.1.8_x64-setup.exe.sig",0
2026-10-03,"v0.1.8","Riffle_0.1.8_x64.dmg",0
2026-10-03,"v0.1.8","Riffle_0.1.8_x64_en-US.msi",0
2026-10-03,"v0.1.8","Riffle_0.1.8_x64_en-US.msi.sig",0
2026-10-03,"v0.1.8","Riffle_aarch64.app.tar.gz",1
2026-10-03,"v0.1.8","Riffle_aarch64.app.tar.gz.sig",0
2026-10-03,"v0.1.8","Riffle_x64.app.tar.gz",0
2026-10-03,"v0.1.8","Riffle_x64.app.tar.gz.sig",0
2026-10-03,"v0.1.8","latest.json",19
2026-10-03,"v0.1.9","Riffle-0.1.9-1.x86_64.rpm",0
2026-10-03,"v0.1.9","Riffle-0.1.9-1.x86_64.rpm.sig",0
2026-10-03,"v0.1.9","Riffle_0.1.9_aarch64.dmg",0
2026-10-03,"v0.1.9","Riffle_0.1.9_amd64.AppImage",0
2026-10-03,"v0.1.9","Riffle_0.1.9_amd64.AppImage.sig",0
2026-10-03,"v0.1.9","Riffle_0.1.9_amd64.deb",0
2026-10-03,"v0.1.9","Riffle_0.1.9_amd64.deb.sig",0
2026-10-03,"v0.1.9","Riffle_0.1.9_x64-setup.exe",2
2026-10-03,"v0.1.9","Riffle_0.1.9_x64-setup.exe.sig",0
2026-10-03,"v0.1.9","Riffle_0.1.9_x64.dmg",0
2026-10-03,"v0.1.9","Riffle_0.1.9_x64_en-US.msi",0
2026-10-03,"v0.1.9","Riffle_0.1.9_x64_en-US.msi.sig",0
2026-10-03,"v0.1.9","Riffle_aarch64.app.tar.gz",0
2026-10-03,"v0.1.9","Riffle_aarch64.app.tar.gz.sig",0
2026-10-03,"v0.1.9","Riffle_x64.app.tar.gz",0
2026-10-03,"v0.1.9","Riffle_x64.app.tar.gz.sig",0
2026-10-03,"v0.1.9","latest.json",18
2026-10-03,"v0.2.0","Riffle-0.2.0-1.x86_64.rpm",0
2026-10-03,"v0.2.0","Riffle-0.2.0-1.x86_64.rpm.sig",0
2026-10-03,"v0.2.0","Riffle_0.2.0_aarch64.dmg",0
2026-10-03,"v0.2.0","Riffle_0.2.0_amd64.AppImage",0
2026-10-03,"v0.2.0","Riffle_0.2.0_amd64.AppImage.sig",0
2026-10-03,"v0.2.0","Riffle_0.2.0_amd64.deb",0
2026-10-03,"v0.2.0","Riffle_0.2.0_amd64.deb.sig",0
2026-10-03,"v0.2.0","Riffle_0.2.0_x64-setup.exe",1
2026-10-03,"v0.2.0","Riffle_0.2.0_x64-setup.exe.sig",0
2026-10-03,"v0.2.0","Riffle_0.2.0_x64.dmg",0
2026-10-03,"v0.2.0","Riffle_0.2.0_x64_en-US.msi",0
2026-10-03,"v0.2.0","Riffle_0.2.0_x64_en-US.msi.sig",0
2026-10-03,"v0.2.0","Riffle_aarch64.app.tar.gz",0
2026-10-03,"v0.2.0","Riffle_aarch64.app.tar.gz.sig",0
2026-10-03,"v0.2.0","Riffle_x64.app.tar.gz",0
2026-10-03,"v0.2.0","Riffle_x64.app.tar.gz.sig",0
2026-10-03,"v0.2.0","latest.json",2
2026-10-03,"v0.2.1","Riffle-0.2.1-1.x86_64.rpm",0
2026-10-03,"v0.2.1","Riffle-0.2.1-1.x86_64.rpm.sig",0
2026-10-03,"v0.2.1","Riffle_0.2.1_aarch64.dmg",0
2026-10-03,"v0.2.1","Riffle_0.2.1_amd64.AppImage",1
2026-10-03,"v0.2.1","Riffle_0.2.1_amd64.AppImage.sig",0
2026-10-03,"v0.2.1","Riffle_0.2.1_amd64.deb",0
2026-10-03,"v0.2.1","Riffle_0.2.1_amd64.deb.sig",0
2026-10-03,"v0.2.1","Riffle_0.2.1_x64-setup.exe",0
2026-10-03,"v0.2.1","Riffle_0.2.1_x64-setup.exe.sig",0
2026-10-03,"v0.2.1","Riffle_0.2.1_x64.dmg",0
2026-10-03,"v0.2.1","Riffle_0.2.1_x64_en-US.msi",0
2026-10-03,"v0.2.1","Riffle_0.2.1_x64_en-US.msi.sig",0
2026-10-03,"v0.2.1","Riffle_aarch64.app.tar.gz",0
2026-10-03,"v0.2.1","Riffle_aarch64.app.tar.gz.sig",0
2026-10-03,"v0.2.1","Riffle_x64.app.tar.gz",0
2026-10-03,"v0.2.1","Riffle_x64.app.tar.gz.sig",0
2026-10-03,"v0.2.1","latest.json",3
2026-10-03,"v0.2.2","Riffle-0.2.2-1.x86_64.rpm",0
2026-10-03,"v0.2.2","Riffle-0.2.2-1.x86_64.rpm.sig",0
2026-10-03,"v0.2.2","Riffle_0.2.2_aarch64.dmg",0
2026-10-03,"v0.2.2","Riffle_0.2.2_amd64.AppImage",0
2026-10-03,"v0.2.2","Riffle_0.2.2_amd64.AppImage.sig",0
2026-10-03,"v0.2.2","Riffle_0.2.2_amd64.deb",0
2026-10-03,"v0.2.2","Riffle_0.2.2_amd64.deb.sig",0
2026-10-03,"v0.2.2","Riffle_0.2.2_x64-setup.exe",1
2026-10-03,"v0.2.2","Riffle_0.2.2_x64-setup.exe.sig",0
2026-10-03,"v0.2.2","Riffle_0.2.2_x64.dmg",0
2026-10-03,"v0.2.2","Riffle_0.2.2_x64_en-US.msi",0
2026-10-03,"v0.2.2","Riffle_0.2.2_x64_en-US.msi.sig",0
2026-10-03,"v0.2.2","Riffle_aarch64.app.tar.gz",0
2026-10-03,"v0.2.2","Riffle_aarch64.app.tar.gz.sig",0
2026-10-03,"v0.2.2","Riffle_x64.app.tar.gz",0
2026-10-03,"v0.2.2","Riffle_x64.app.tar.gz.sig",0
2026-10-03,"v0.2.2","latest.json",1
2026-10-03,"v0.3.0","Riffle-0.3.0-1.x86_64.rpm",0
2026-10-03,"v0.3.0","Riffle-0.3.0-1.x86_64.rpm.sig",0
2026-10-03,"v0.3.0","Riffle_0.3.0_aarch64.dmg",0
2026-10-03,"v0.3.0","Riffle_0.3.0_amd64.AppImage",0
2026-10-03,"v0.3.0","Riffle_0.3.0_amd64.AppImage.sig",0
2026-10-03,"v0.3.0","Riffle_0.3.0_amd64.deb",0
2026-10-03,"v0.3.0","Riffle_0.3.0_amd64.deb.sig",0
2026-10-03,"v0.3.0","Riffle_0.3.0_x64-setup.exe",1
2026-10-03,"v0.3.0","Riffle_0.3.0_x64-setup.exe.sig",0
2026-10-03,"v0.3.0","Riffle_0.3.0_x64.dmg",0
2026-10-03,"v0.3.0","Riffle_0.3.0_x64_en-US.msi",0
2026-10-03,"v0.3.0","Riffle_0.3.0_x64_en-US.msi.sig",0
2026-10-03,"v0.3.0","Riffle_aarch64.app.tar.gz",0
2026-10-03,"v0.3.0","Riffle_aarch64.app.tar.gz.sig",0
2026-10-03,"v0.3.0","Riffle_x64.app.tar.gz",0
2026-10-03,"v0.3.0","Riffle_x64.app.tar.gz.sig",0
2026-10-03,"v0.3.0","latest.json",7
2026-10-03,"v0.3.1","Riffle-0.3.1-1.x86_64.rpm",0
2026-10-03,"v0.3.1","Riffle-0.3.1-1.x86_64.rpm.sig",0
2026-10-03,"v0.3.1","Riffle_0.3.1_aarch64.dmg",0
2026-10-03,"v0.3.1","Riffle_0.3.1_amd64.AppImage",0
2026-10-03,"v0.3.1","Riffle_0.3.1_amd64.AppImage.sig",0
2026-10-03,"v0.3.1","Riffle_0.3.1_amd64.deb",0
2026-10-03,"v0.3.1","Riffle_0.3.1_amd64.deb.sig",0
2026-10-03,"v0.3.1","Riffle_0.3.1_x64-setup.exe",2
2026-10-03,"v0.3.1","Riffle_0.3.1_x64-setup.exe.sig",0
2026-10-03,"v0.3.1","Riffle_0.3.1_x64.dmg",0
2026-10-03,"v0.3.1","Riffle_0.3.1_x64_en-US.msi",0
2026-10-03,"v0.3.1","Riffle_0.3.1_x64_en-US.msi.sig",0
2026-10-03,"v0.3.1","Riffle_aarch64.app.tar.gz",1
2026-10-03,"v0.3.1","Riffle_aarch64.app.tar.gz.sig",0
2026-10-03,"v0.3.1","Riffle_x64.app.tar.gz",0
2026-10-03,"v0.3.1","Riffle_x64.app.tar.gz.sig",0
2026-10-03,"v0.3.1","latest.json",4
2026-10-03,"v0.4.0","Riffle-0.4.0-1.x86_64.rpm",0
2026-10-03,"v0.4.0","Riffle-0.4.0-1.x86_64.rpm.sig",0
2026-10-03,"v0.4.0","Riffle_0.4.0_aarch64.dmg",0
2026-10-03,"v0.4.0","Riffle_0.4.0_amd64.AppImage",0
2026-10-03,"v0.4.0","Riffle_0.4.0_amd64.AppImage.sig",0
2026-10-03,"v0.4.0","Riffle_0.4.0_amd64.deb",0
2026-10-03,"v0.4.0","Riffle_0.4.0_amd64.deb.sig",0
2026-10-03,"v0.4.0","Riffle_0.4.0_x64-setup.exe",1
2026-10-03,"v0.4.0","Riffle_0.4.0_x64-setup.exe.sig",0
2026-10-03,"v0.4.0","Riffle_0.4.0_x64.dmg",0
2026-10-03,"v0.4.0","Riffle_0.4.0_x64_en-US.msi",0
2026-10-03,"v0.4.0","Riffle_0.4.0_x64_en-US.msi.sig",0
2026-10-03,"v0.4.0","Riffle_aarch64.app.tar.gz",0
2026-10-03,"v0.4.0","Riffle_aarch64.app.tar.gz.sig",0
2026-10-03,"v0.4.0","Riffle_x64.app.tar.gz",0
2026-10-03,"v0.4.0","Riffle_x64.app.tar.gz.sig",0
2026-10-03,"v0.4.0","latest.json",26
2026-10-03,"v1.0.0","Riffle-1.0.0-1.x86_64.rpm",0
2026-10-03,"v1.0.0","Riffle-1.0.0-1.x86_64.rpm.sig",0
2026-10-03,"v1.0.0","Riffle_1.0.0_aarch64.dmg",0
2026-10-03,"v1.0.0","Riffle_1.0.0_amd64.AppImage",0
2026-10-03,"v1.0.0","Riffle_1.0.0_amd64.AppImage.sig",0
2026-10-03,"v1.0.0","Riffle_1.0.0_amd64.deb",0
2026-10-03,"v1.0.0","Riffle_1.0.0_amd64.deb.sig",0
2026-10-03,"v1.0.0","Riffle_1.0.0_x64-setup.exe",1
2026-10-03,"v1.0.0","Riffle_1.0.0_x64-setup.exe.sig",0
2026-10-03,"v1.0.0","Riffle_1.0.0_x64.dmg",0
2026-10-03,"v1.0.0","Riffle_1.0.0_x64_en-US.msi",0
2026-10-03,"v1.0.0","Riffle_1.0.0_x64_en-US.msi.sig",0
2026-10-03,"v1.0.0","Riffle_aarch64.app.tar.gz",0
2026-10-03,"v1.0.0","Riffle_aarch64.app.tar.gz.sig",0
2026-10-03,"v1.0.0","Riffle_x64.app.tar.gz",0
2026-10-03,"v1.0.0","Riffle_x64.app.tar.gz.sig",0
2026-10-03,"v1.0.0","latest.json",7
2026-10-03,"v1.1.0","Riffle-1.1.0-1.x86_64.rpm",0
2026-10-03,"v1.1.0","Riffle-1.1.0-1.x86_64.rpm.sig",0
2026-10-03,"v1.1.0","Riffle_1.1.0_aarch64.dmg",0
2026-10-03,"v1.1.0","Riffle_1.1.0_amd64.AppImage",0
2026-10-03,"v1.1.0","Riffle_1.1.0_amd64.AppImage.sig",0
2026-10-03,"v1.1.0","Riffle_1.1.0_amd64.deb",0
2026-10-03,"v1.1.0","Riffle_1.1.0_amd64.deb.sig",0
2026-10-03,"v1.1.0","Riffle_1.1.0_x64-setup.exe",0
2026-10-03,"v1.1.0","Riffle_1.1.0_x64-setup.exe.sig",0
2026-10-03,"v1.1.0","Riffle_1.1.0_x64.dmg",0
2026-10-03,"v1.1.0","Riffle_1.1.0_x64_en-US.msi",0
2026-10-03,"v1.1.0","Riffle_1.1.0_x64_en-US.msi.sig",0
2026-10-03,"v1.1.0","Riffle_aarch64.app.tar.gz",0
2026-10-03,"v1.1.0","Riffle_aarch64.app.tar.gz.sig",0
2026-10-03,"v1.1.0","Riffle_x64.app.tar.gz",0
2026-10-03,"v1.1.0","Riffle_x64.app.tar.gz.sig",0
2026-10-03,"v1.1.0","latest.json",18
2026-10-03,"v1.2.0","Riffle-1.2.0-1.x86_64.rpm",0
2026-10-03,"v1.2.0","Riffle-1.2.0-1.x86_64.rpm.sig",0
2026-10-03,"v1.2.0","Riffle_1.2.0_aarch64.dmg",0
2026-10-03,"v1.2.0","Riffle_1.2.0_amd64.AppImage",0
2026-10-03,"v1.2.0","Riffle_1.2.0_amd64.AppImage.sig",0
2026-10-03,"v1.2.0","Riffle_1.2.0_amd64.deb",0
2026-10-03,"v1.2.0","Riffle_1.2.0_amd64.deb.sig",0
2026-10-03,"v1.2.0","Riffle_1.2.0_x64-setup.exe",0
2026-10-03,"v1.2.0","Riffle_1.2.0_x64-setup.exe.sig",0
2026-10-03,"v1.2.0","Riffle_1.2.0_x64.dmg",0
2026-10-03,"v1.2.0","Riffle_1.2.0_x64_en-US.msi",0
2026-10-03,"v1.2.0","Riffle_1.2.0_x64_en-US.msi.sig",0
2026-10-03,"v1.2.0","Riffle_aarch64.app.tar.gz",0
2026-10-03,"v1.2.0","Riffle_aarch64.app.tar.gz.sig",0
2026-10-03,"v1.2.0","Riffle_x64.app.tar.gz",0
2026-10-03,"v1.2.0","Riffle_x64.app.tar.gz.sig",0
2026-10-03,"v1.2.0","latest.json",3
2026-10-03,"v1.3.0","Riffle-1.3.0-1.x86_64.rpm",0
2026-10-03,"v1.3.0","Riffle-1.3.0-1.x86_64.rpm.sig",0
2026-10-03,"v1.3.0","Riffle_1.3.0_aarch64.dmg",0
2026-10-03,"v1.3.0","Riffle_1.3.0_amd64.AppImage",1
2026-10-03,"v1.3.0","Riffle_1.3.0_amd64.AppImage.sig",0
2026-10-03,"v1.3.0","Riffle_1.3.0_amd64.deb",0
2026-10-03,"v1.3.0","Riffle_1.3.0_amd64.deb.sig",0
2026-10-03,"v1.3.0","Riffle_1.3.0_x64-setup.exe",0
2026-10-03,"v1.3.0","Riffle_1.3.0_x64-setup.exe.sig",0
2026-10-03,"v1.3.0","Riffle_1.3.0_x64.dmg",0
2026-10-03,"v1.3.0","Riffle_1.3.0_x64_en-US.msi",0
2026-10-03,"v1.3.0","Riffle_1.3.0_x64_en-US.msi.sig",0
2026-10-03,"v1.3.0","Riffle_aarch64.app.tar.gz",0
2026-10-03,"v1.3.0","Riffle_aarch64.app.tar.gz.sig",0
2026-10-03,"v1.3.0","Riffle_x64.app.tar.gz",0
2026-10-03,"v1.3.0","Riffle_x64.app.tar.gz.sig",0
2026-10-03,"v1.3.0","latest.json",4
2026-10-04,"v0.1.0","Riffle-0.1.0-1.x86_64.rpm",0
2026-10-04,"v0.1.0","Riffle-0.1.0-1.x86_64.rpm.sig",0
2026-10-04,"v0.1.0","Riffle_0.1.0_aarch64.dmg",0
2026-10-04,"v0.1.0","Riffle_0.1.0_amd64.AppImage",0
2026-10-04,"v0.1.0","Riffle_0.1.0_amd64.AppImage.sig",0
2026-10-04,"v0.1.0","Riffle_0.1.0_amd64.deb",0
2026-10-04,"v0.1.0","Riffle_0.1.0_amd64.deb.sig",0
2026-10-04,"v0.1.0","Riffle_0.1.0_x64-setup.exe",0
2026-10-04,"v0.1.0","Riffle_0.1.0_x64-setup.exe.sig",0
2026-10-04,"v0.1.0","Riffle_0.1.0_x64.dmg",0
2026-10-04,"v0.1.0","Riffle_0.1.0_x64_en-US.msi",0
2026-10-04,"v0.1.0","Riffle_0.1.0_x64_en-US.msi.sig",0
2026-10-04,"v0.1.0","Riffle_aarch64.app.tar.gz",0
2026-10-04,"v0.1.0","Riffle_aarch64.app.tar.gz.sig",0
2026-10-04,"v0.1.0","Riffle_x64.app.tar.gz",0
2026-10-04,"v0.1.0","Riffle_x64.app.tar.gz.sig",0
2026-10-04,"v0.1.0","latest.json",14
2026-10-04,"v0.1.1","Riffle-0.1.1-1.x86_64.rpm",0
2026-10-04,"v0.1.1","Riffle-0.1.1-1.x86_64.rpm.sig",0
2026-10-04,"v0.1.1","Riffle_0.1.1_aarch64.dmg",1
2026-10-04,"v0.1.1","Riffle_0.1.1_amd64.AppImage",0
2026-10-04,"v0.1.1","Riffle_0.1.1_amd64.AppImage.sig",0
2026-10-04,"v0.1.1","Riffle_0.1.1_amd64.deb",0
2026-10-04,"v0.1.1","Riffle_0.1.1_amd64.deb.sig",0
2026-10-04,"v0.1.1","Riffle_0.1.1_x64-setup.exe",0
2026-10-04,"v0.1.1","Riffle_0.1.1_x64-setup.exe.sig",0
2026-10-04,"v0.1.1","Riffle_0.1.1_x64.dmg",0
2026-10-04,"v0.1.1","Riffle_0.1.1_x64_en-US.msi",0
2026-10-04,"v0.1.1","Riffle_0.1.1_x64_en-US.msi.sig",0
2026-10-04,"v0.1.1","Riffle_aarch64.app.tar.gz",0
2026-10-04,"v0.1.1","Riffle_aarch64.app.tar.gz.sig",0
2026-10-04,"v0.1.1","Riffle_x64.app.tar.gz",0
2026-10-04,"v0.1.1","Riffle_x64.app.tar.gz.sig",0
2026-10-04,"v0.1.1","latest.json",6
2026-10-04,"v0.1.10","Riffle-0.1.10-1.x86_64.rpm",0
2026-10-04,"v0.1.10","Riffle-0.1.10-1.x86_64.rpm.sig",0
2026-10-04,"v0.1.10","Riffle_0.1.10_aarch64.dmg",0
2026-10-04,"v0.1.10","Riffle_0.1.10_amd64.AppImage",0
2026-10-04,"v0.1.10","Riffle_0.1.10_amd64.AppImage.sig",0
2026-10-04,"v0.1.10","Riffle_0.1.10_amd64.deb",0
2026-10-04,"v0.1.10","Riffle_0.1.10_amd64.deb.sig",0
2026-10-04,"v0.1.10","Riffle_0.1.10_x64-setup.exe",0
2026-10-04,"v0.1.10","Riffle_0.1.10_x64-setup.exe.sig",0
2026-10-04,"v0.1.10","Riffle_0.1.10_x64.dmg",0
2026-10-04,"v0.1.10","Riffle_0.1.10_x64_en-US.msi",0
2026-10-04,"v0.1.10","Riffle_0.1.10_x64_en-US.msi.sig",0
2026-10-04,"v0.1.10","Riffle_aarch64.app.tar.gz",0
2026-10-04,"v0.1.10","Riffle_aarch64.app.tar.gz.sig",0
2026-10-04,"v0.1.10","Riffle_x64.app.tar.gz",0
2026-10-04,"v0.1.10","Riffle_x64.app.tar.gz.sig",0
2026-10-04,"v0.1.10","latest.json",5
2026-10-04,"v0.1.2","Riffle-0.1.2-1.x86_64.rpm",0
2026-10-04,"v0.1.2","Riffle-0.1.2-1.x86_64.rpm.sig",0
2026-10-04,"v0.1.2","Riffle_0.1.2_aarch64.dmg",0
2026-10-04,"v0.1.2","Riffle_0.1.2_amd64.AppImage",0
2026-10-04,"v0.1.2","Riffle_0.1.2_amd64.AppImage.sig",0
2026-10-04,"v0.1.2","Riffle_0.1.2_amd64.deb",0
2026-10-04,"v0.1.2","Riffle_0.1.2_amd64.deb.sig",0
2026-10-04,"v0.1.2","Riffle_0.1.2_x64-setup.exe",1
2026-10-04,"v0.1.2","Riffle_0.1.2_x64-setup.exe.sig",0
2026-10-04,"v0.1.2","Riffle_0.1.2_x64.dmg",0
2026-10-04,"v0.1.2","Riffle_0.1.2_x64_en-US.msi",0
2026-10-04,"v0.1.2","Riffle_0.1.2_x64_en-US.msi.sig",0
2026-10-04,"v0.1.2","Riffle_aarch64.app.tar.gz",1
2026-10-04,"v0.1.2","Riffle_aarch64.app.tar.gz.sig",0
2026-10-04,"v0.1.2","Riffle_x64.app.tar.gz",0
2026-10-04,"v0.1.2","Riffle_x64.app.tar.gz.sig",0
2026-10-04,"v0.1.2","latest.json",3
2026-10-04,"v0.1.3","Riffle-0.1.3-1.x86_64.rpm",0
2026-10-04,"v0.1.3","Riffle-0.1.3-1.x86_64.rpm.sig",0
2026-10-04,"v0.1.3","Riffle_0.1.3_aarch64.dmg",0
2026-10-04,"v0.1.3","Riffle_0.1.3_amd64.AppImage",0
2026-10-04,"v0.1.3","Riffle_0.1.3_amd64.AppImage.sig",0
2026-10-04,"v0.1.3","Riffle_0.1.3_amd64.deb",0
2026-10-04,"v0.1.3","Riffle_0.1.3_amd64.deb.sig",0
2026-10-04,"v0.1.3","Riffle_0.1.3_x64-setup.exe",1
2026-10-04,"v0.1.3","Riffle_0.1.3_x64-setup.exe.sig",0
2026-10-04,"v0.1.3","Riffle_0.1.3_x64.dmg",0
2026-10-04,"v0.1.3","Riffle_0.1.3_x64_en-US.msi",0
2026-10-04,"v0.1.3","Riffle_0.1.3_x64_en-US.msi.sig",0
2026-10-04,"v0.1.3","Riffle_aarch64.app.tar.gz",0
2026-10-04,"v0.1.3","Riffle_aarch64.app.tar.gz.sig",0
2026-10-04,"v0.1.3","Riffle_x64.app.tar.gz",0
2026-10-04,"v0.1.3","Riffle_x64.app.tar.gz.sig",0
2026-10-04,"v0.1.3","latest.json",0
2026-10-04,"v0.1.4","Riffle-0.1.4-1.x86_64.rpm",0
2026-10-04,"v0.1.4","Riffle-0.1.4-1.x86_64.rpm.sig",0
2026-10-04,"v0.1.4","Riffle_0.1.4_aarch64.dmg",0
2026-10-04,"v0.1.4","Riffle_0.1.4_amd64.AppImage",0
2026-10-04,"v0.1.4","Riffle_0.1.4_amd64.AppImage.sig",0
2026-10-04,"v0.1.4","Riffle_0.1.4_amd64.deb",0
2026-10-04,"v0.1.4","Riffle_0.1.4_amd64.deb.sig",0
2026-10-04,"v0.1.4","Riffle_0.1.4_x64-setup.exe",0
2026-10-04,"v0.1.4","Riffle_0.1.4_x64-setup.exe.sig",0
2026-10-04,"v0.1.4","Riffle_0.1.4_x64.dmg",0
2026-10-04,"v0.1.4","Riffle_0.1.4_x64_en-US.msi",0
2026-10-04,"v0.1.4","Riffle_0.1.4_x64_en-US.msi.sig",0
2026-10-04,"v0.1.4","Riffle_aarch64.app.tar.gz",0
2026-10-04,"v0.1.4","Riffle_aarch64.app.tar.gz.sig",0
2026-10-04,"v0.1.4","Riffle_x64.app.tar.gz",0
2026-10-04,"v0.1.4","Riffle_x64.app.tar.gz.sig",0
2026-10-04,"v0.1.4","latest.json",4
2026-10-04,"v0.1.5","Riffle-0.1.5-1.x86_64.rpm",0
2026-10-04,"v0.1.5","Riffle-0.1.5-1.x86_64.rpm.sig",0
2026-10-04,"v0.1.5","Riffle_0.1.5_aarch64.dmg",0
2026-10-04,"v0.1.5","Riffle_0.1.5_amd64.AppImage",0
2026-10-04,"v0.1.5","Riffle_0.1.5_amd64.AppImage.sig",0
2026-10-04,"v0.1.5","Riffle_0.1.5_amd64.deb",0
2026-10-04,"v0.1.5","Riffle_0.1.5_amd64.deb.sig",0
2026-10-04,"v0.1.5","Riffle_0.1.5_x64-setup.exe",1
2026-10-04,"v0.1.5","Riffle_0.1.5_x64-setup.exe.sig",0
2026-10-04,"v0.1.5","Riffle_0.1.5_x64.dmg",0
2026-10-04,"v0.1.5","Riffle_0.1.5_x64_en-US.msi",0
2026-10-04,"v0.1.5","Riffle_0.1.5_x64_en-US.msi.sig",0
2026-10-04,"v0.1.5","Riffle_aarch64.app.tar.gz",1
2026-10-04,"v0.1.5","Riffle_aarch64.app.tar.gz.sig",0
2026-10-04,"v0.1.5","Riffle_x64.app.tar.gz",0
2026-10-04,"v0.1.5","Riffle_x64.app.tar.gz.sig",0
2026-10-04,"v0.1.5","latest.json",15
2026-10-04,"v0.1.6","Riffle-0.1.6-1.x86_64.rpm",0
2026-10-04,"v0.1.6","Riffle-0.1.6-1.x86_64.rpm.sig",0
2026-10-04,"v0.1.6","Riffle_0.1.6_aarch64.dmg",0
2026-10-04,"v0.1.6","Riffle_0.1.6_amd64.AppImage",0
2026-10-04,"v0.1.6","Riffle_0.1.6_amd64.AppImage.sig",0
2026-10-04,"v0.1.6","Riffle_0.1.6_amd64.deb",0
2026-10-04,"v0.1.6","Riffle_0.1.6_amd64.deb.sig",0
2026-10-04,"v0.1.6","Riffle_0.1.6_x64-setup.exe",0
2026-10-04,"v0.1.6","Riffle_0.1.6_x64-setup.exe.sig",0
2026-10-04,"v0.1.6","Riffle_0.1.6_x64.dmg",0
2026-10-04,"v0.1.6","Riffle_0.1.6_x64_en-US.msi",0
2026-10-04,"v0.1.6","Riffle_0.1.6_x64_en-US.msi.sig",0
2026-10-04,"v0.1.6","Riffle_aarch64.app.tar.gz",0
2026-10-04,"v0.1.6","Riffle_aarch64.app.tar.gz.sig",0
2026-10-04,"v0.1.6","Riffle_x64.app.tar.gz",0
2026-10-04,"v0.1.6","Riffle_x64.app.tar.gz.sig",0
2026-10-04,"v0.1.6","latest.json",10
2026-10-04,"v0.1.7","Riffle-0.1.7-1.x86_64.rpm",0
2026-10-04,"v0.1.7","Riffle-0.1.7-1.x86_64.rpm.sig",0
2026-10-04,"v0.1.7","Riffle_0.1.7_aarch64.dmg",0
2026-10-04,"v0.1.7","Riffle_0.1.7_amd64.AppImage",0
2026-10-04,"v0.1.7","Riffle_0.1.7_amd64.AppImage.sig",0
2026-10-04,"v0.1.7","Riffle_0.1.7_amd64.deb",0
2026-10-04,"v0.1.7","Riffle_0.1.7_amd64.deb.sig",0
2026-10-04,"v0.1.7","Riffle_0.1.7_x64-setup.exe",0
2026-10-04,"v0.1.7","Riffle_0.1.7_x64-setup.exe.sig",0
2026-10-04,"v0.1.7","Riffle_0.1.7_x64.dmg",0
2026-10-04,"v0.1.7","Riffle_0.1.7_x64_en-US.msi",0
2026-10-04,"v0.1.7","Riffle_0.1.7_x64_en-US.msi.sig",0
2026-10-04,"v0.1.7","Riffle_aarch64.app.tar.gz",0
2026-10-04,"v0.1.7","Riffle_aarch64.app.tar.gz.sig",0
2026-10-04,"v0.1.7","Riffle_x64.app.tar.gz",0
2026-10-04,"v0.1.7","Riffle_x64.app.tar.gz.sig",0
2026-10-04,"v0.1.7","latest.json",13
2026-10-04,"v0.1.8","Riffle-0.1.8-1.x86_64.rpm",0
2026-10-04,"v0.1.8","Riffle-0.1.8-1.x86_64.rpm.sig",0
2026-10-04,"v0.1.8","Riffle_0.1.8_aarch64.dmg",0
2026-10-04,"v0.1.8","Riffle_0.1.8_amd64.AppImage",0
2026-10-04,"v0.1.8","Riffle_0.1.8_amd64.AppImage.sig",0
2026-10-04,"v0.1.8","Riffle_0.1.8_amd64.deb",0
2026-10-04,"v0.1.8","Riffle_0.1.8_amd64.deb.sig",0
2026-10-04,"v0.1.8","Riffle_0.1.8_x64-setup.exe",0
2026-10-04,"v0.1.8","Riffle_0.1.8_x64-setup.exe.sig",0
2026-10-04,"v0.1.8","Riffle_0.1.8_x64.dmg",0
2026-10-04,"v0.1.8","Riffle_0.1.8_x64_en-US.msi",0
2026-10-04,"v0.1.8","Riffle_0.1.8_x64_en-US.msi.sig",0
2026-10-04,"v0.1.8","Riffle_aarch64.app.tar.gz",1
2026-10-04,"v0.1.8","Riffle_aarch64.app.tar.gz.sig",0
2026-10-04,"v0.1.8","Riffle_x64.app.tar.gz",0
2026-10-04,"v0.1.8","Riffle_x64.app.tar.gz.sig",0
2026-10-04,"v0.1.8","latest.json",19
2026-10-04,"v0.1.9","Riffle-0.1.9-1.x86_64.rpm",0
2026-10-04,"v0.1.9","Riffle-0.1.9-1.x86_64.rpm.sig",0
2026-10-04,"v0.1.9","Riffle_0.1.9_aarch64.dmg",0
2026-10-04,"v0.1.9","Riffle_0.1.9_amd64.AppImage",0
2026-10-04,"v0.1.9","Riffle_0.1.9_amd64.AppImage.sig",0
2026-10-04,"v0.1.9","Riffle_0.1.9_amd64.deb",0
2026-10-04,"v0.1.9","Riffle_0.1.9_amd64.deb.sig",0
2026-10-04,"v0.1.9","Riffle_0.1.9_x64-setup.exe",2
2026-10-04,"v0.1.9","Riffle_0.1.9_x64-setup.exe.sig",0
2026-10-04,"v0.1.9","Riffle_0.1.9_x64.dmg",0
2026-10-04,"v0.1.9","Riffle_0.1.9_x64_en-US.msi",0
2026-10-04,"v0.1.9","Riffle_0.1.9_x64_en-US.msi.sig",0
2026-10-04,"v0.1.9","Riffle_aarch64.app.tar.gz",0
2026-10-04,"v0.1.9","Riffle_aarch64.app.tar.gz.sig",0
2026-10-04,"v0.1.9","Riffle_x64.app.tar.gz",0
2026-10-04,"v0.1.9","Riffle_x64.app.tar.gz.sig",0
2026-10-04,"v0.1.9","latest.json",18
2026-10-04,"v0.2.0","Riffle-0.2.0-1.x86_64.rpm",0
2026-10-04,"v0.2.0","Riffle-0.2.0-1.x86_64.rpm.sig",0
2026-10-04,"v0.2.0","Riffle_0.2.0_aarch64.dmg",0
2026-10-04,"v0.2.0","Riffle_0.2.0_amd64.AppImage",0
2026-10-04,"v0.2.0","Riffle_0.2.0_amd64.AppImage.sig",0
2026-10-04,"v0.2.0","Riffle_0.2.0_amd64.deb",0
2026-10-04,"v0.2.0","Riffle_0.2.0_amd64.deb.sig",0
2026-10-04,"v0.2.0","Riffle_0.2.0_x64-setup.exe",1
2026-10-04,"v0.2.0","Riffle_0.2.0_x64-setup.exe.sig",0
2026-10-04,"v0.2.0","Riffle_0.2.0_x64.dmg",0
2026-10-04,"v0.2.0","Riffle_0.2.0_x64_en-US.msi",0
2026-10-04,"v0.2.0","Riffle_0.2.0_x64_en-US.msi.sig",0
2026-10-04,"v0.2.0","Riffle_aarch64.app.tar.gz",0
2026-10-04,"v0.2.0","Riffle_aarch64.app.tar.gz.sig",0
2026-10-04,"v0.2.0","Riffle_x64.app.tar.gz",0
2026-10-04,"v0.2.0","Riffle_x64.app.tar.gz.sig",0
2026-10-04,"v0.2.0","latest.json",2
2026-10-04,"v0.2.1","Riffle-0.2.1-1.x86_64.rpm",0
2026-10-04,"v0.2.1","Riffle-0.2.1-1.x86_64.rpm.sig",0
2026-10-04,"v0.2.1","Riffle_0.2.1_aarch64.dmg",0
2026-10-04,"v0.2.1","Riffle_0.2.1_amd64.AppImage",1
2026-10-04,"v0.2.1","Riffle_0.2.1_amd64.AppImage.sig",0
2026-10-04,"v0.2.1","Riffle_0.2.1_amd64.deb",0
2026-10-04,"v0.2.1","Riffle_0.2.1_amd64.deb.sig",0
2026-10-04,"v0.2.1","Riffle_0.2.1_x64-setup.exe",0
2026-10-04,"v0.2.1","Riffle_0.2.1_x64-setup.exe.sig",0
2026-10-04,"v0.2.1","Riffle_0.2.1_x64.dmg",0
2026-10-04,"v0.2.1","Riffle_0.2.1_x64_en-US.msi",0
2026-10-04,"v0.2.1","Riffle_0.2.1_x64_en-US.msi.sig",0
2026-10-04,"v0.2.1","Riffle_aarch64.app.tar.gz",0
2026-10-04,"v0.2.1","Riffle_aarch64.app.tar.gz.sig",0
2026-10-04,"v0.2.1","Riffle_x64.app.tar.gz",0
2026-10-04,"v0.2.1","Riffle_x64.app.tar.gz.sig",0
2026-10-04,"v0.2.1","latest.json",3
2026-10-04,"v0.2.2","Riffle-0.2.2-1.x86_64.rpm",0
2026-10-04,"v0.2.2","Riffle-0.2.2-1.x86_64.rpm.sig",0
2026-10-04,"v0.2.2","Riffle_0.2.2_aarch64.dmg",0
2026-10-04,"v0.2.2","Riffle_0.2.2_amd64.AppImage",0
2026-10-04,"v0.2.2","Riffle_0.2.2_amd64.AppImage.sig",0
2026-10-04,"v0.2.2","Riffle_0.2.2_amd64.deb",0
2026-10-04,"v0.2.2","Riffle_0.2.2_amd64.deb.sig",0
2026-10-04,"v0.2.2","Riffle_0.2.2_x64-setup.exe",1
2026-10-04,"v0.2.2","Riffle_0.2.2_x64-setup.exe.sig",0
2026-10-04,"v0.2.2","Riffle_0.2.2_x64.dmg",0
2026-10-04,"v0.2.2","Riffle_0.2.2_x64_en-US.msi",0
2026-10-04,"v0.2.2","Riffle_0.2.2_x64_en-US.msi.sig",0
2026-10-04,"v0.2.2","Riffle_aarch64.app.tar.gz",0
2026-10-04,"v0.2.2","Riffle_aarch64.app.tar.gz.sig",0
2026-10-04,"v0.2.2","Riffle_x64.app.tar.gz",0
2026-10-04,"v0.2.2","Riffle_x64.app.tar.gz.sig",0
2026-10-04,"v0.2.2","latest.json",1
2026-10-04,"v0.3.0","Riffle-0.3.0-1.x86_64.rpm",0
2026-10-04,"v0.3.0","Riffle-0.3.0-1.x86_64.rpm.sig",0
2026-10-04,"v0.3.0","Riffle_0.3.0_aarch64.dmg",0
2026-10-04,"v0.3.0","Riffle_0.3.0_amd64.AppImage",0
2026-10-04,"v0.3.0","Riffle_0.3.0_amd64.AppImage.sig",0
2026-10-04,"v0.3.0","Riffle_0.3.0_amd64.deb",0
2026-10-04,"v0.3.0","Riffle_0.3.0_amd64.deb.sig",0
2026-10-04,"v0.3.0","Riffle_0.3.0_x64-setup.exe",1
2026-10-04,"v0.3.0","Riffle_0.3.0_x64-setup.exe.sig",0
2026-10-04,"v0.3.0","Riffle_0.3.0_x64.dmg",0
2026-10-04,"v0.3.0","Riffle_0.3.0_x64_en-US.msi",0
2026-10-04,"v0.3.0","Riffle_0.3.0_x64_en-US.msi.sig",0
2026-10-04,"v0.3.0","Riffle_aarch64.app.tar.gz",0
2026-10-04,"v0.3.0","Riffle_aarch64.app.tar.gz.sig",0
2026-10-04,"v0.3.0","Riffle_x64.app.tar.gz",0
2026-10-04,"v0.3.0","Riffle_x64.app.tar.gz.sig",0
2026-10-04,"v0.3.0","latest.json",7
2026-10-04,"v0.3.1","Riffle-0.3.1-1.x86_64.rpm",0
2026-10-04,"v0.3.1","Riffle-0.3.1-1.x86_64.rpm.sig",0
2026-10-04,"v0.3.1","Riffle_0.3.1_aarch64.dmg",0
2026-10-04,"v0.3.1","Riffle_0.3.1_amd64.AppImage",0
2026-10-04,"v0.3.1","Riffle_0.3.1_amd64.AppImage.sig",0
2026-10-04,"v0.3.1","Riffle_0.3.1_amd64.deb",0
2026-10-04,"v0.3.1","Riffle_0.3.1_amd64.deb.sig",0
2026-10-04,"v0.3.1","Riffle_0.3.1_x64-setup.exe",2
2026-10-04,"v0.3.1","Riffle_0.3.1_x64-setup.exe.sig",0
2026-10-04,"v0.3.1","Riffle_0.3.1_x64.dmg",0
2026-10-04,"v0.3.1","Riffle_0.3.1_x64_en-US.msi",0
2026-10-04,"v0.3.1","Riffle_0.3.1_x64_en-US.msi.sig",0
2026-10-04,"v0.3.1","Riffle_aarch64.app.tar.gz",1
2026-10-04,"v0.3.1","Riffle_aarch64.app.tar.gz.sig",0
2026-10-04,"v0.3.1","Riffle_x64.app.tar.gz",0
2026-10-04,"v0.3.1","Riffle_x64.app.tar.gz.sig",0
2026-10-04,"v0.3.1","latest.json",4
2026-10-04,"v0.4.0","Riffle-0.4.0-1.x86_64.rpm",0
2026-10-04,"v0.4.0","Riffle-0.4.0-1.x86_64.rpm.sig",0
2026-10-04,"v0.4.0","Riffle_0.4.0_aarch64.dmg",0
2026-10-04,"v0.4.0","Riffle_0.4.0_amd64.AppImage",0
2026-10-04,"v0.4.0","Riffle_0.4.0_amd64.AppImage.sig",0
2026-10-04,"v0.4.0","Riffle_0.4.0_amd64.deb",0
2026-10-04,"v0.4.0","Riffle_0.4.0_amd64.deb.sig",0
2026-10-04,"v0.4.0","Riffle_0.4.0_x64-setup.exe",1
2026-10-04,"v0.4.0","Riffle_0.4.0_x64-setup.exe.sig",0
2026-10-04,"v0.4.0","Riffle_0.4.0_x64.dmg",0
2026-10-04,"v0.4.0","Riffle_0.4.0_x64_en-US.msi",0
2026-10-04,"v0.4.0","Riffle_0.4.0_x64_en-US.msi.sig",0
2026-10-04,"v0.4.0","Riffle_aarch64.app.tar.gz",0
2026-10-04,"v0.4.0","Riffle_aarch64.app.tar.gz.sig",0
2026-10-04,"v0.4.0","Riffle_x64.app.tar.gz",0
2026-10-04,"v0.4.0","Riffle_x64.app.tar.gz.sig",0
2026-10-04,"v0.4.0","latest.json",26
2026-10-04,"v1.0.0","Riffle-1.0.0-1.x86_64.rpm",0
2026-10-04,"v1.0.0","Riffle-1.0.0-1.x86_64.rpm.sig",0
2026-10-04,"v1.0.0","Riffle_1.0.0_aarch64.dmg",0
2026-10-04,"v1.0.0","Riffle_1.0.0_amd64.AppImage",0
2026-10-04,"v1.0.0","Riffle_1.0.0_amd64.AppImage.sig",0
2026-10-04,"v1.0.0","Riffle_1.0.0_amd64.deb",0
2026-10-04,"v1.0.0","Riffle_1.0.0_amd64.deb.sig",0
2026-10-04,"v1.0.0","Riffle_1.0.0_x64-setup.exe",1
2026-10-04,"v1.0.0","Riffle_1.0.0_x64-setup.exe.sig",0
2026-10-04,"v1.0.0","Riffle_1.0.0_x64.dmg",0
2026-10-04,"v1.0.0","Riffle_1.0.0_x64_en-US.msi",0
2026-10-04,"v1.0.0","Riffle_1.0.0_x64_en-US.msi.sig",0
2026-10-04,"v1.0.0","Riffle_aarch64.app.tar.gz",0
2026-10-04,"v1.0.0","Riffle_aarch64.app.tar.gz.sig",0
2026-10-04,"v1.0.0","Riffle_x64.app.tar.gz",0
2026-10-04,"v1.0.0","Riffle_x64.app.tar.gz.sig",0
2026-10-04,"v1.0.0","latest.json",7
2026-10-04,"v1.1.0","Riffle-1.1.0-1.x86_64.rpm",0
2026-10-04,"v1.1.0","Riffle-1.1.0-1.x86_64.rpm.sig",0
2026-10-04,"v1.1.0","Riffle_1.1.0_aarch64.dmg",0
2026-10-04,"v1.1.0","Riffle_1.1.0_amd64.AppImage",0
2026-10-04,"v1.1.0","Riffle_1.1.0_amd64.AppImage.sig",0
2026-10-04,"v1.1.0","Riffle_1.1.0_amd64.deb",0
2026-10-04,"v1.1.0","Riffle_1.1.0_amd64.deb.sig",0
2026-10-04,"v1.1.0","Riffle_1.1.0_x64-setup.exe",0
2026-10-04,"v1.1.0","Riffle_1.1.0_x64-setup.exe.sig",0
2026-10-04,"v1.1.0","Riffle_1.1.0_x64.dmg",0
2026-10-04,"v1.1.0","Riffle_1.1.0_x64_en-US.msi",0
2026-10-04,"v1.1.0","Riffle_1.1.0_x64_en-US.msi.sig",0
2026-10-04,"v1.1.0","Riffle_aarch64.app.tar.gz",0
2026-10-04,"v1.1.0","Riffle_aarch64.app.tar.gz.sig",0
2026-10-04,"v1.1.0","Riffle_x64.app.tar.gz",0
2026-10-04,"v1.1.0","Riffle_x64.app.tar.gz.sig",0
2026-10-04,"v1.1.0","latest.json",18
2026-10-04,"v1.2.0","Riffle-1.2.0-1.x86_64.rpm",0
2026-10-04,"v1.2.0","Riffle-1.2.0-1.x86_64.rpm.sig",0
2026-10-04,"v1.2.0","Riffle_1.2.0_aarch64.dmg",0
2026-10-04,"v1.2.0","Riffle_1.2.0_amd64.AppImage",0
2026-10-04,"v1.2.0","Riffle_1.2.0_amd64.AppImage.sig",0
2026-10-04,"v1.2.0","Riffle_1.2.0_amd64.deb",0
2026-10-04,"v1.2.0","Riffle_1.2.0_amd64.deb.sig",0
2026-10-04,"v1.2.0","Riffle_1.2.0_x64-setup.exe",0
2026-10-04,"v1.2.0","Riffle_1.2.0_x64-setup.exe.sig",0
2026-10-04,"v1.2.0","Riffle_1.2.0_x64.dmg",0
2026-10-04,"v1.2.0","Riffle_1.2.0_x64_en-US.msi",0
2026-10-04,"v1.2.0","Riffle_1.2.0_x64_en-US.msi.sig",0
2026-10-04,"v1.2.0","Riffle_aarch64.app.tar.gz",0
2026-10-04,"v1.2.0","Riffle_aarch64.app.tar.gz.sig",0
2026-10-04,"v1.2.0","Riffle_x64.app.tar.gz",0
2026-10-04,"v1.2.0","Riffle_x64.app.tar.gz.sig",0
2026-10-04,"v1.2.0","latest.json",3
2026-10-04,"v1.3.0","Riffle-1.3.0-1.x86_64.rpm",0
2026-10-04,"v1.3.0","Riffle-1.3.0-1.x86_64.rpm.sig",0
2026-10-04,"v1.3.0","Riffle_1.3.0_aarch64.dmg",0
2026-10-04,"v1.3.0","Riffle_1.3.0_amd64.AppImage",1
2026-10-04,"v1.3.0","Riffle_1.3.0_amd64.AppImage.sig",0
2026-10-04,"v1.3.0","Riffle_1.3.0_amd64.deb",0
2026-10-04,"v1.3.0","Riffle_1.3.0_amd64.deb.sig",0
2026-10-04,"v1.3.0","Riffle_1.3.0_x64-setup.exe",0
2026-10-04,"v1.3.0","Riffle_1.3.0_x64-setup.exe.sig",0
2026-10-04,"v1.3.0","Riffle_1.3.0_x64.dmg",0
2026-10-04,"v1.3.0","Riffle_1.3.0_x64_en-US.msi",0
2026-10-04,"v1.3.0","Riffle_1.3.0_x64_en-US.msi.sig",0
2026-10-04,"v1.3.0","Riffle_aarch64.app.tar.gz",0
2026-10-04,"v1.3.0","Riffle_aarch64.app.tar.gz.sig",0
2026-10-04,"v1.3.0","Riffle_x64.app.tar.gz",0
2026-10-04,"v1.3.0","Riffle_x64.app.tar.gz.sig",0
2026-10-04,"v1.3.0","latest.json",6
2026-10-05,"v0.1.0","Riffle-0.1.0-1.x86_64.rpm",0
2026-10-05,"v0.1.0","Riffle-0.1.0-1.x86_64.rpm.sig",0
2026-10-05,"v0.1.0","Riffle_0.1.0_aarch64.dmg",0
2026-10-05,"v0.1.0","Riffle_0.1.0_amd64.AppImage",0
2026-10-05,"v0.1.0","Riffle_0.1.0_amd64.AppImage.sig",0
2026-10-05,"v0.1.0","Riffle_0.1.0_amd64.deb",0
2026-10-05,"v0.1.0","Riffle_0.1.0_amd64.deb.sig",0
2026-10-05,"v0.1.0","Riffle_0.1.0_x64-setup.exe",0
2026-10-05,"v0.1.0","Riffle_0.1.0_x64-setup.exe.sig",0
2026-10-05,"v0.1.0","Riffle_0.1.0_x64.dmg",0
2026-10-05,"v0.1.0","Riffle_0.1.0_x64_en-US.msi",0
2026-10-05,"v0.1.0","Riffle_0.1.0_x64_en-US.msi.sig",0
2026-10-05,"v0.1.0","Riffle_aarch64.app.tar.gz",0
2026-10-05,"v0.1.0","Riffle_aarch64.app.tar.gz.sig",0
2026-10-05,"v0.1.0","Riffle_x64.app.tar.gz",0
2026-10-05,"v0.1.0","Riffle_x64.app.tar.gz.sig",0
2026-10-05,"v0.1.0","latest.json",14
2026-10-05,"v0.1.1","Riffle-0.1.1-1.x86_64.rpm",0
2026-10-05,"v0.1.1","Riffle-0.1.1-1.x86_64.rpm.sig",0
2026-10-05,"v0.1.1","Riffle_0.1.1_aarch64.dmg",1
2026-10-05,"v0.1.1","Riffle_0.1.1_amd64.AppImage",0
2026-10-05,"v0.1.1","Riffle_0.1.1_amd64.AppImage.sig",0
2026-10-05,"v0.1.1","Riffle_0.1.1_amd64.deb",0
2026-10-05,"v0.1.1","Riffle_0.1.1_amd64.deb.sig",0
2026-10-05,"v0.1.1","Riffle_0.1.1_x64-setup.exe",0
2026-10-05,"v0.1.1","Riffle_0.1.1_x64-setup.exe.sig",0
2026-10-05,"v0.1.1","Riffle_0.1.1_x64.dmg",0
2026-10-05,"v0.1.1","Riffle_0.1.1_x64_en-US.msi",0
2026-10-05,"v0.1.1","Riffle_0.1.1_x64_en-US.msi.sig",0
2026-10-05,"v0.1.1","Riffle_aarch64.app.tar.gz",0
2026-10-05,"v0.1.1","Riffle_aarch64.app.tar.gz.sig",0
2026-10-05,"v0.1.1","Riffle_x64.app.tar.gz",0
2026-10-05,"v0.1.1","Riffle_x64.app.tar.gz.sig",0
2026-10-05,"v0.1.1","latest.json",6
2026-10-05,"v0.1.10","Riffle-0.1.10-1.x86_64.rpm",0
2026-10-05,"v0.1.10","Riffle-0.1.10-1.x86_64.rpm.sig",0
2026-10-05,"v0.1.10","Riffle_0.1.10_aarch64.dmg",0
2026-10-05,"v0.1.10","Riffle_0.1.10_amd64.AppImage",0
2026-10-05,"v0.1.10","Riffle_0.1.10_amd64.AppImage.sig",0
2026-10-05,"v0.1.10","Riffle_0.1.10_amd64.deb",0
2026-10-05,"v0.1.10","Riffle_0.1.10_amd64.deb.sig",0
2026-10-05,"v0.1.10","Riffle_0.1.10_x64-setup.exe",0
2026-10-05,"v0.1.10","Riffle_0.1.10_x64-setup.exe.sig",0
2026-10-05,"v0.1.10","Riffle_0.1.10_x64.dmg",0
2026-10-05,"v0.1.10","Riffle_0.1.10_x64_en-US.msi",0
2026-10-05,"v0.1.10","Riffle_0.1.10_x64_en-US.msi.sig",0
2026-10-05,"v0.1.10","Riffle_aarch64.app.tar.gz",0
2026-10-05,"v0.1.10","Riffle_aarch64.app.tar.gz.sig",0
2026-10-05,"v0.1.10","Riffle_x64.app.tar.gz",0
2026-10-05,"v0.1.10","Riffle_x64.app.tar.gz.sig",0
2026-10-05,"v0.1.10","latest.json",5
2026-10-05,"v0.1.2","Riffle-0.1.2-1.x86_64.rpm",0
2026-10-05,"v0.1.2","Riffle-0.1.2-1.x86_64.rpm.sig",0
2026-10-05,"v0.1.2","Riffle_0.1.2_aarch64.dmg",0
2026-10-05,"v0.1.2","Riffle_0.1.2_amd64.AppImage",0
2026-10-05,"v0.1.2","Riffle_0.1.2_amd64.AppImage.sig",0
2026-10-05,"v0.1.2","Riffle_0.1.2_amd64.deb",0
2026-10-05,"v0.1.2","Riffle_0.1.2_amd64.deb.sig",0
2026-10-05,"v0.1.2","Riffle_0.1.2_x64-setup.exe",1
2026-10-05,"v0.1.2","Riffle_0.1.2_x64-setup.exe.sig",0
2026-10-05,"v0.1.2","Riffle_0.1.2_x64.dmg",0
2026-10-05,"v0.1.2","Riffle_0.1.2_x64_en-US.msi",0
2026-10-05,"v0.1.2","Riffle_0.1.2_x64_en-US.msi.sig",0
2026-10-05,"v0.1.2","Riffle_aarch64.app.tar.gz",1
2026-10-05,"v0.1.2","Riffle_aarch64.app.tar.gz.sig",0
2026-10-05,"v0.1.2","Riffle_x64.app.tar.gz",0
2026-10-05,"v0.1.2","Riffle_x64.app.tar.gz.sig",0
2026-10-05,"v0.1.2","latest.json",3
2026-10-05,"v0.1.3","Riffle-0.1.3-1.x86_64.rpm",0
2026-10-05,"v0.1.3","Riffle-0.1.3-1.x86_64.rpm.sig",0
2026-10-05,"v0.1.3","Riffle_0.1.3_aarch64.dmg",0
2026-10-05,"v0.1.3","Riffle_0.1.3_amd64.AppImage",0
2026-10-05,"v0.1.3","Riffle_0.1.3_amd64.AppImage.sig",0
2026-10-05,"v0.1.3","Riffle_0.1.3_amd64.deb",0
2026-10-05,"v0.1.3","Riffle_0.1.3_amd64.deb.sig",0
2026-10-05,"v0.1.3","Riffle_0.1.3_x64-setup.exe",1
2026-10-05,"v0.1.3","Riffle_0.1.3_x64-setup.exe.sig",0
2026-10-05,"v0.1.3","Riffle_0.1.3_x64.dmg",0
2026-10-05,"v0.1.3","Riffle_0.1.3_x64_en-US.msi",0
2026-10-05,"v0.1.3","Riffle_0.1.3_x64_en-US.msi.sig",0
2026-10-05,"v0.1.3","Riffle_aarch64.app.tar.gz",0
2026-10-05,"v0.1.3","Riffle_aarch64.app.tar.gz.sig",0
2026-10-05,"v0.1.3","Riffle_x64.app.tar.gz",0
2026-10-05,"v0.1.3","Riffle_x64.app.tar.gz.sig",0
2026-10-05,"v0.1.3","latest.json",0
2026-10-05,"v0.1.4","Riffle-0.1.4-1.x86_64.rpm",0
2026-10-05,"v0.1.4","Riffle-0.1.4-1.x86_64.rpm.sig",0
2026-10-05,"v0.1.4","Riffle_0.1.4_aarch64.dmg",0
2026-10-05,"v0.1.4","Riffle_0.1.4_amd64.AppImage",0
2026-10-05,"v0.1.4","Riffle_0.1.4_amd64.AppImage.sig",0
2026-10-05,"v0.1.4","Riffle_0.1.4_amd64.deb",0
2026-10-05,"v0.1.4","Riffle_0.1.4_amd64.deb.sig",0
2026-10-05,"v0.1.4","Riffle_0.1.4_x64-setup.exe",0
2026-10-05,"v0.1.4","Riffle_0.1.4_x64-setup.exe.sig",0
2026-10-05,"v0.1.4","Riffle_0.1.4_x64.dmg",0
2026-10-05,"v0.1.4","Riffle_0.1.4_x64_en-US.msi",0
2026-10-05,"v0.1.4","Riffle_0.1.4_x64_en-US.msi.sig",0
2026-10-05,"v0.1.4","Riffle_aarch64.app.tar.gz",0
2026-10-05,"v0.1.4","Riffle_aarch64.app.tar.gz.sig",0
2026-10-05,"v0.1.4","Riffle_x64.app.tar.gz",0
2026-10-05,"v0.1.4","Riffle_x64.app.tar.gz.sig",0
2026-10-05,"v0.1.4","latest.json",4
2026-10-05,"v0.1.5","Riffle-0.1.5-1.x86_64.rpm",0
2026-10-05,"v0.1.5","Riffle-0.1.5-1.x86_64.rpm.sig",0
2026-10-05,"v0.1.5","Riffle_0.1.5_aarch64.dmg",0
2026-10-05,"v0.1.5","Riffle_0.1.5_amd64.AppImage",0
2026-10-05,"v0.1.5","Riffle_0.1.5_amd64.AppImage.sig",0
2026-10-05,"v0.1.5","Riffle_0.1.5_amd64.deb",0
2026-10-05,"v0.1.5","Riffle_0.1.5_amd64.deb.sig",0
2026-10-05,"v0.1.5","Riffle_0.1.5_x64-setup.exe",1
2026-10-05,"v0.1.5","Riffle_0.1.5_x64-setup.exe.sig",0
2026-10-05,"v0.1.5","Riffle_0.1.5_x64.dmg",0
2026-10-05,"v0.1.5","Riffle_0.1.5_x64_en-US.msi",0
2026-10-05,"v0.1.5","Riffle_0.1.5_x64_en-US.msi.sig",0
2026-10-05,"v0.1.5","Riffle_aarch64.app.tar.gz",1
2026-10-05,"v0.1.5","Riffle_aarch64.app.tar.gz.sig",0
2026-10-05,"v0.1.5","Riffle_x64.app.tar.gz",0
2026-10-05,"v0.1.5","Riffle_x64.app.tar.gz.sig",0
2026-10-05,"v0.1.5","latest.json",15
2026-10-05,"v0.1.6","Riffle-0.1.6-1.x86_64.rpm",0
2026-10-05,"v0.1.6","Riffle-0.1.6-1.x86_64.rpm.sig",0
2026-10-05,"v0.1.6","Riffle_0.1.6_aarch64.dmg",0
2026-10-05,"v0.1.6","Riffle_0.1.6_amd64.AppImage",0
2026-10-05,"v0.1.6","Riffle_0.1.6_amd64.AppImage.sig",0
2026-10-05,"v0.1.6","Riffle_0.1.6_amd64.deb",0
2026-10-05,"v0.1.6","Riffle_0.1.6_amd64.deb.sig",0
2026-10-05,"v0.1.6","Riffle_0.1.6_x64-setup.exe",0
2026-10-05,"v0.1.6","Riffle_0.1.6_x64-setup.exe.sig",0
2026-10-05,"v0.1.6","Riffle_0.1.6_x64.dmg",0
2026-10-05,"v0.1.6","Riffle_0.1.6_x64_en-US.msi",0
2026-10-05,"v0.1.6","Riffle_0.1.6_x64_en-US.msi.sig",0
2026-10-05,"v0.1.6","Riffle_aarch64.app.tar.gz",0
2026-10-05,"v0.1.6","Riffle_aarch64.app.tar.gz.sig",0
2026-10-05,"v0.1.6","Riffle_x64.app.tar.gz",0
2026-10-05,"v0.1.6","Riffle_x64.app.tar.gz.sig",0
2026-10-05,"v0.1.6","latest.json",10
2026-10-05,"v0.1.7","Riffle-0.1.7-1.x86_64.rpm",0
2026-10-05,"v0.1.7","Riffle-0.1.7-1.x86_64.rpm.sig",0
2026-10-05,"v0.1.7","Riffle_0.1.7_aarch64.dmg",0
2026-10-05,"v0.1.7","Riffle_0.1.7_amd64.AppImage",0
2026-10-05,"v0.1.7","Riffle_0.1.7_amd64.AppImage.sig",0
2026-10-05,"v0.1.7","Riffle_0.1.7_amd64.deb",0
2026-10-05,"v0.1.7","Riffle_0.1.7_amd64.deb.sig",0
2026-10-05,"v0.1.7","Riffle_0.1.7_x64-setup.exe",0
2026-10-05,"v0.1.7","Riffle_0.1.7_x64-setup.exe.sig",0
2026-10-05,"v0.1.7","Riffle_0.1.7_x64.dmg",0
2026-10-05,"v0.1.7","Riffle_0.1.7_x64_en-US.msi",0
2026-10-05,"v0.1.7","Riffle_0.1.7_x64_en-US.msi.sig",0
2026-10-05,"v0.1.7","Riffle_aarch64.app.tar.gz",0
2026-10-05,"v0.1.7","Riffle_aarch64.app.tar.gz.sig",0
2026-10-05,"v0.1.7","Riffle_x64.app.tar.gz",0
2026-10-05,"v0.1.7","Riffle_x64.app.tar.gz.sig",0
2026-10-05,"v0.1.7","latest.json",13
2026-10-05,"v0.1.8","Riffle-0.1.8-1.x86_64.rpm",0
2026-10-05,"v0.1.8","Riffle-0.1.8-1.x86_64.rpm.sig",0
2026-10-05,"v0.1.8","Riffle_0.1.8_aarch64.dmg",0
2026-10-05,"v0.1.8","Riffle_0.1.8_amd64.AppImage",0
2026-10-05,"v0.1.8","Riffle_0.1.8_amd64.AppImage.sig",0
2026-10-05,"v0.1.8","Riffle_0.1.8_amd64.deb",0
2026-10-05,"v0.1.8","Riffle_0.1.8_amd64.deb.sig",0
2026-10-05,"v0.1.8","Riffle_0.1.8_x64-setup.exe",0
2026-10-05,"v0.1.8","Riffle_0.1.8_x64-setup.exe.sig",0
2026-10-05,"v0.1.8","Riffle_0.1.8_x64.dmg",0
2026-10-05,"v0.1.8","Riffle_0.1.8_x64_en-US.msi",0
2026-10-05,"v0.1.8","Riffle_0.1.8_x64_en-US.msi.sig",0
2026-10-05,"v0.1.8","Riffle_aarch64.app.tar.gz",1
2026-10-05,"v0.1.8","Riffle_aarch64.app.tar.gz.sig",0
2026-10-05,"v0.1.8","Riffle_x64.app.tar.gz",0
2026-10-05,"v0.1.8","Riffle_x64.app.tar.gz.sig",0
2026-10-05,"v0.1.8","latest.json",19
2026-10-05,"v0.1.9","Riffle-0.1.9-1.x86_64.rpm",0
2026-10-05,"v0.1.9","Riffle-0.1.9-1.x86_64.rpm.sig",0
2026-10-05,"v0.1.9","Riffle_0.1.9_aarch64.dmg",0
2026-10-05,"v0.1.9","Riffle_0.1.9_amd64.AppImage",0
2026-10-05,"v0.1.9","Riffle_0.1.9_amd64.AppImage.sig",0
2026-10-05,"v0.1.9","Riffle_0.1.9_amd64.deb",0
2026-10-05,"v0.1.9","Riffle_0.1.9_amd64.deb.sig",0
2026-10-05,"v0.1.9","Riffle_0.1.9_x64-setup.exe",2
2026-10-05,"v0.1.9","Riffle_0.1.9_x64-setup.exe.sig",0
2026-10-05,"v0.1.9","Riffle_0.1.9_x64.dmg",0
2026-10-05,"v0.1.9","Riffle_0.1.9_x64_en-US.msi",0
2026-10-05,"v0.1.9","Riffle_0.1.9_x64_en-US.msi.sig",0
2026-10-05,"v0.1.9","Riffle_aarch64.app.tar.gz",0
2026-10-05,"v0.1.9","Riffle_aarch64.app.tar.gz.sig",0
2026-10-05,"v0.1.9","Riffle_x64.app.tar.gz",0
2026-10-05,"v0.1.9","Riffle_x64.app.tar.gz.sig",0
2026-10-05,"v0.1.9","latest.json",18
2026-10-05,"v0.2.0","Riffle-0.2.0-1.x86_64.rpm",0
2026-10-05,"v0.2.0","Riffle-0.2.0-1.x86_64.rpm.sig",0
2026-10-05,"v0.2.0","Riffle_0.2.0_aarch64.dmg",0
2026-10-05,"v0.2.0","Riffle_0.2.0_amd64.AppImage",0
2026-10-05,"v0.2.0","Riffle_0.2.0_amd64.AppImage.sig",0
2026-10-05,"v0.2.0","Riffle_0.2.0_amd64.deb",0
2026-10-05,"v0.2.0","Riffle_0.2.0_amd64.deb.sig",0
2026-10-05,"v0.2.0","Riffle_0.2.0_x64-setup.exe",1
2026-10-05,"v0.2.0","Riffle_0.2.0_x64-setup.exe.sig",0
2026-10-05,"v0.2.0","Riffle_0.2.0_x64.dmg",0
2026-10-05,"v0.2.0","Riffle_0.2.0_x64_en-US.msi",0
2026-10-05,"v0.2.0","Riffle_0.2.0_x64_en-US.msi.sig",0
2026-10-05,"v0.2.0","Riffle_aarch64.app.tar.gz",0
2026-10-05,"v0.2.0","Riffle_aarch64.app.tar.gz.sig",0
2026-10-05,"v0.2.0","Riffle_x64.app.tar.gz",0
2026-10-05,"v0.2.0","Riffle_x64.app.tar.gz.sig",0
2026-10-05,"v0.2.0","latest.json",2
2026-10-05,"v0.2.1","Riffle-0.2.1-1.x86_64.rpm",0
2026-10-05,"v0.2.1","Riffle-0.2.1-1.x86_64.rpm.sig",0
2026-10-05,"v0.2.1","Riffle_0.2.1_aarch64.dmg",0
2026-10-05,"v0.2.1","Riffle_0.2.1_amd64.AppImage",1
2026-10-05,"v0.2.1","Riffle_0.2.1_amd64.AppImage.sig",0
2026-10-05,"v0.2.1","Riffle_0.2.1_amd64.deb",0
2026-10-05,"v0.2.1","Riffle_0.2.1_amd64.deb.sig",0
2026-10-05,"v0.2.1","Riffle_0.2.1_x64-setup.exe",0
2026-10-05,"v0.2.1","Riffle_0.2.1_x64-setup.exe.sig",0
2026-10-05,"v0.2.1","Riffle_0.2.1_x64.dmg",0
2026-10-05,"v0.2.1","Riffle_0.2.1_x64_en-US.msi",0
2026-10-05,"v0.2.1","Riffle_0.2.1_x64_en-US.msi.sig",0
2026-10-05,"v0.2.1","Riffle_aarch64.app.tar.gz",0
2026-10-05,"v0.2.1","Riffle_aarch64.app.tar.gz.sig",0
2026-10-05,"v0.2.1","Riffle_x64.app.tar.gz",0
2026-10-05,"v0.2.1","Riffle_x64.app.tar.gz.sig",0
2026-10-05,"v0.2.1","latest.json",3
2026-10-05,"v0.2.2","Riffle-0.2.2-1.x86_64.rpm",0
2026-10-05,"v0.2.2","Riffle-0.2.2-1.x86_64.rpm.sig",0
2026-10-05,"v0.2.2","Riffle_0.2.2_aarch64.dmg",0
2026-10-05,"v0.2.2","Riffle_0.2.2_amd64.AppImage",0
2026-10-05,"v0.2.2","Riffle_0.2.2_amd64.AppImage.sig",0
2026-10-05,"v0.2.2","Riffle_0.2.2_amd64.deb",0
2026-10-05,"v0.2.2","Riffle_0.2.2_amd64.deb.sig",0
2026-10-05,"v0.2.2","Riffle_0.2.2_x64-setup.exe",1
2026-10-05,"v0.2.2","Riffle_0.2.2_x64-setup.exe.sig",0
2026-10-05,"v0.2.2","Riffle_0.2.2_x64.dmg",0
2026-10-05,"v0.2.2","Riffle_0.2.2_x64_en-US.msi",0
2026-10-05,"v0.2.2","Riffle_0.2.2_x64_en-US.msi.sig",0
2026-10-05,"v0.2.2","Riffle_aarch64.app.tar.gz",0
2026-10-05,"v0.2.2","Riffle_aarch64.app.tar.gz.sig",0
2026-10-05,"v0.2.2","Riffle_x64.app.tar.gz",0
2026-10-05,"v0.2.2","Riffle_x64.app.tar.gz.sig",0
2026-10-05,"v0.2.2","latest.json",1
2026-10-05,"v0.3.0","Riffle-0.3.0-1.x86_64.rpm",0
2026-10-05,"v0.3.0","Riffle-0.3.0-1.x86_64.rpm.sig",0
2026-10-05,"v0.3.0","Riffle_0.3.0_aarch64.dmg",0
2026-10-05,"v0.3.0","Riffle_0.3.0_amd64.AppImage",0
2026-10-05,"v0.3.0","Riffle_0.3.0_amd64.AppImage.sig",0
2026-10-05,"v0.3.0","Riffle_0.3.0_amd64.deb",0
2026-10-05,"v0.3.0","Riffle_0.3.0_amd64.deb.sig",0
2026-10-05,"v0.3.0","Riffle_0.3.0_x64-setup.exe",1
2026-10-05,"v0.3.0","Riffle_0.3.0_x64-setup.exe.sig",0
2026-10-05,"v0.3.0","Riffle_0.3.0_x64.dmg",0
2026-10-05,"v0.3.0","Riffle_0.3.0_x64_en-US.msi",0
2026-10-05,"v0.3.0","Riffle_0.3.0_x64_en-US.msi.sig",0
2026-10-05,"v0.3.0","Riffle_aarch64.app.tar.gz",0
2026-10-05,"v0.3.0","Riffle_aarch64.app.tar.gz.sig",0
2026-10-05,"v0.3.0","Riffle_x64.app.tar.gz",0
2026-10-05,"v0.3.0","Riffle_x64.app.tar.gz.sig",0
2026-10-05,"v0.3.0","latest.json",7
2026-10-05,"v0.3.1","Riffle-0.3.1-1.x86_64.rpm",0
2026-10-05,"v0.3.1","Riffle-0.3.1-1.x86_64.rpm.sig",0
2026-10-05,"v0.3.1","Riffle_0.3.1_aarch64.dmg",0
2026-10-05,"v0.3.1","Riffle_0.3.1_amd64.AppImage",0
2026-10-05,"v0.3.1","Riffle_0.3.1_amd64.AppImage.sig",0
2026-10-05,"v0.3.1","Riffle_0.3.1_amd64.deb",0
2026-10-05,"v0.3.1","Riffle_0.3.1_amd64.deb.sig",0
2026-10-05,"v0.3.1","Riffle_0.3.1_x64-setup.exe",2
2026-10-05,"v0.3.1","Riffle_0.3.1_x64-setup.exe.sig",0
2026-10-05,"v0.3.1","Riffle_0.3.1_x64.dmg",0
2026-10-05,"v0.3.1","Riffle_0.3.1_x64_en-US.msi",0
2026-10-05,"v0.3.1","Riffle_0.3.1_x64_en-US.msi.sig",0
2026-10-05,"v0.3.1","Riffle_aarch64.app.tar.gz",1
2026-10-05,"v0.3.1","Riffle_aarch64.app.tar.gz.sig",0
2026-10-05,"v0.3.1","Riffle_x64.app.tar.gz",0
2026-10-05,"v0.3.1","Riffle_x64.app.tar.gz.sig",0
2026-10-05,"v0.3.1","latest.json",4
2026-10-05,"v0.4.0","Riffle-0.4.0-1.x86_64.rpm",0
2026-10-05,"v0.4.0","Riffle-0.4.0-1.x86_64.rpm.sig",0
2026-10-05,"v0.4.0","Riffle_0.4.0_aarch64.dmg",0
2026-10-05,"v0.4.0","Riffle_0.4.0_amd64.AppImage",0
2026-10-05,"v0.4.0","Riffle_0.4.0_amd64.AppImage.sig",0
2026-10-05,"v0.4.0","Riffle_0.4.0_amd64.deb",0
2026-10-05,"v0.4.0","Riffle_0.4.0_amd64.deb.sig",0
2026-10-05,"v0.4.0","Riffle_0.4.0_x64-setup.exe",1
2026-10-05,"v0.4.0","Riffle_0.4.0_x64-setup.exe.sig",0
2026-10-05,"v0.4.0","Riffle_0.4.0_x64.dmg",0
2026-10-05,"v0.4.0","Riffle_0.4.0_x64_en-US.msi",0
2026-10-05,"v0.4.0","Riffle_0.4.0_x64_en-US.msi.sig",0
2026-10-05,"v0.4.0","Riffle_aarch64.app.tar.gz",0
2026-10-05,"v0.4.0","Riffle_aarch64.app.tar.gz.sig",0
2026-10-05,"v0.4.0","Riffle_x64.app.tar.gz",0
2026-10-05,"v0.4.0","Riffle_x64.app.tar.gz.sig",0
2026-10-05,"v0.4.0","latest.json",26
2026-10-05,"v1.0.0","Riffle-1.0.0-1.x86_64.rpm",0
2026-10-05,"v1.0.0","Riffle-1.0.0-1.x86_64.rpm.sig",0
2026-10-05,"v1.0.0","Riffle_1.0.0_aarch64.dmg",0
2026-10-05,"v1.0.0","Riffle_1.0.0_amd64.AppImage",0
2026-10-05,"v1.0.0","Riffle_1.0.0_amd64.AppImage.sig",0
2026-10-05,"v1.0.0","Riffle_1.0.0_amd64.deb",0
2026-10-05,"v1.0.0","Riffle_1.0.0_amd64.deb.sig",0
2026-10-05,"v1.0.0","Riffle_1.0.0_x64-setup.exe",1
2026-10-05,"v1.0.0","Riffle_1.0.0_x64-setup.exe.sig",0
2026-10-05,"v1.0.0","Riffle_1.0.0_x64.dmg",0
2026-10-05,"v1.0.0","Riffle_1.0.0_x64_en-US.msi",0
2026-10-05,"v1.0.0","Riffle_1.0.0_x64_en-US.msi.sig",0
2026-10-05,"v1.0.0","Riffle_aarch64.app.tar.gz",0
2026-10-05,"v1.0.0","Riffle_aarch64.app.tar.gz.sig",0
2026-10-05,"v1.0.0","Riffle_x64.app.tar.gz",0
2026-10-05,"v1.0.0","Riffle_x64.app.tar.gz.sig",0
2026-10-05,"v1.0.0","latest.json",7
2026-10-05,"v1.1.0","Riffle-1.1.0-1.x86_64.rpm",0
2026-10-05,"v1.1.0","Riffle-1.1.0-1.x86_64.rpm.sig",0
2026-10-05,"v1.1.0","Riffle_1.1.0_aarch64.dmg",0
2026-10-05,"v1.1.0","Riffle_1.1.0_amd64.AppImage",0
2026-10-05,"v1.1.0","Riffle_1.1.0_amd64.AppImage.sig",0
2026-10-05,"v1.1.0","Riffle_1.1.0_amd64.deb",0
2026-10-05,"v1.1.0","Riffle_1.1.0_amd64.deb.sig",0
2026-10-05,"v1.1.0","Riffle_1.1.0_x64-setup.exe",0
2026-10-05,"v1.1.0","Riffle_1.1.0_x64-setup.exe.sig",0
2026-10-05,"v1.1.0","Riffle_1.1.0_x64.dmg",0
2026-10-05,"v1.1.0","Riffle_1.1.0_x64_en-US.msi",0
2026-10-05,"v1.1.0","Riffle_1.1.0_x64_en-US.msi.sig",0
2026-10-05,"v1.1.0","Riffle_aarch64.app.tar.gz",0
2026-10-05,"v1.1.0","Riffle_aarch64.app.tar.gz.sig",0
2026-10-05,"v1.1.0","Riffle_x64.app.tar.gz",0
2026-10-05,"v1.1.0","Riffle_x64.app.tar.gz.sig",0
2026-10-05,"v1.1.0","latest.json",18
2026-10-05,"v1.2.0","Riffle-1.2.0-1.x86_64.rpm",0
2026-10-05,"v1.2.0","Riffle-1.2.0-1.x86_64.rpm.sig",0
2026-10-05,"v1.2.0","Riffle_1.2.0_aarch64.dmg",0
2026-10-05,"v1.2.0","Riffle_1.2.0_amd64.AppImage",0
2026-10-05,"v1.2.0","Riffle_1.2.0_amd64.AppImage.sig",0
2026-10-05,"v1.2.0","Riffle_1.2.0_amd64.deb",0
2026-10-05,"v1.2.0","Riffle_1.2.0_amd64.deb.sig",0
2026-10-05,"v1.2.0","Riffle_1.2.0_x64-setup.exe",0
2026-10-05,"v1.2.0","Riffle_1.2.0_x64-setup.exe.sig",0
2026-10-05,"v1.2.0","Riffle_1.2.0_x64.dmg",0
2026-10-05,"v1.2.0","Riffle_1.2.0_x64_en-US.msi",0
2026-10-05,"v1.2.0","Riffle_1.2.0_x64_en-US.msi.sig",0
2026-10-05,"v1.2.0","Riffle_aarch64.app.tar.gz",0
2026-10-05,"v1.2.0","Riffle_aarch64.app.tar.gz.sig",0
2026-10-05,"v1.2.0","Riffle_x64.app.tar.gz",0
2026-10-05,"v1.2.0","Riffle_x64.app.tar.gz.sig",0
2026-10-05,"v1.2.0","latest.json",3
2026-10-05,"v1.3.0","Riffle-1.3.0-1.x86_64.rpm",0
2026-10-05,"v1.3.0","Riffle-1.3.0-1.x86_64.rpm.sig",0
2026-10-05,"v1.3.0","Riffle_1.3.0_aarch64.dmg",0
2026-10-05,"v1.3.0","Riffle_1.3.0_amd64.AppImage",1
2026-10-05,"v1.3.0","Riffle_1.3.0_amd64.AppImage.sig",0
2026-10-05,"v1.3.0","Riffle_1.3.0_amd64.deb",0
2026-10-05,"v1.3.0","Riffle_1.3.0_amd64.deb.sig",0
2026-10-05,"v1.3.0","Riffle_1.3.0_x64-setup.exe",0
2026-10-05,"v1.3.0","Riffle_1.3.0_x64-setup.exe.sig",0
2026-10-05,"v1.3.0","Riffle_1.3.0_x64.dmg",0
2026-10-05,"v1.3.0","Riffle_1.3.0_x64_en-US.msi",0
2026-10-05,"v1.3.0","Riffle_1.3.0_x64_en-US.msi.sig",0
2026-10-05,"v1.3.0","Riffle_aarch64.app.tar.gz",0
2026-10-05,"v1.3.0","Riffle_aarch64.app.tar.gz.sig",0
2026-10-05,"v1.3.0","Riffle_x64.app.tar.gz",0
2026-10-05,"v1.3.0","Riffle_x64.app.tar.gz.sig",0
2026-10-05,"v1.3.0","latest.json",6
2026-10-05,"v1.4.0","Riffle-1.4.0-1.x86_64.rpm",0
2026-10-05,"v1.4.0","Riffle-1.4.0-1.x86_64.rpm.sig",0
2026-10-05,"v1.4.0","Riffle_1.4.0_aarch64.dmg",0
2026-10-05,"v1.4.0","Riffle_1.4.0_amd64.AppImage",0
2026-10-05,"v1.4.0","Riffle_1.4.0_amd64.AppImage.sig",0
2026-10-05,"v1.4.0","Riffle_1.4.0_amd64.deb",0
2026-10-05,"v1.4.0","Riffle_1.4.0_amd64.deb.sig",0
2026-10-05,"v1.4.0","Riffle_1.4.0_x64-setup.exe",0
2026-10-05,"v1.4.0","Riffle_1.4.0_x64-setup.exe.sig",0
2026-10-05,"v1.4.0","Riffle_1.4.0_x64.dmg",0
2026-10-05,"v1.4.0","Riffle_1.4.0_x64_en-US.msi",0
2026-10-05,"v1.4.0","Riffle_1.4.0_x64_en-US.msi.sig",0
2026-10-05,"v1.4.0","Riffle_aarch64.app.tar.gz",0
2026-10-05,"v1.4.0","Riffle_aarch64.app.tar.gz.sig",0
2026-10-05,"v1.4.0","Riffle_x64.app.tar.gz",0
2026-10-05,"v1.4.0","Riffle_x64.app.tar.gz.sig",0
2026-10-05,"v1.4.0","latest.json",9
2026-10-06,"v0.1.0","Riffle-0.1.0-1.x86_64.rpm",0
2026-10-06,"v0.1.0","Riffle-0.1.0-1.x86_64.rpm.sig",0
2026-10-06,"v0.1.0","Riffle_0.1.0_aarch64.dmg",0
2026-10-06,"v0.1.0","Riffle_0.1.0_amd64.AppImage",0
2026-10-06,"v0.1.0","Riffle_0.1.0_amd64.AppImage.sig",0
2026-10-06,"v0.1.0","Riffle_0.1.0_amd64.deb",0
2026-10-06,"v0.1.0","Riffle_0.1.0_amd64.deb.sig",0
2026-10-06,"v0.1.0","Riffle_0.1.0_x64-setup.exe",0
2026-10-06,"v0.1.0","Riffle_0.1.0_x64-setup.exe.sig",0
2026-10-06,"v0.1.0","Riffle_0.1.0_x64.dmg",0
2026-10-06,"v0.1.0","Riffle_0.1.0_x64_en-US.msi",0
2026-10-06,"v0.1.0","Riffle_0.1.0_x64_en-US.msi.sig",0
2026-10-06,"v0.1.0","Riffle_aarch64.app.tar.gz",0
2026-10-06,"v0.1.0","Riffle_aarch64.app.tar.gz.sig",0
2026-10-06,"v0.1.0","Riffle_x64.app.tar.gz",0
2026-10-06,"v0.1.0","Riffle_x64.app.tar.gz.sig",0
2026-10-06,"v0.1.0","latest.json",14
2026-10-06,"v0.1.1","Riffle-0.1.1-1.x86_64.rpm",0
2026-10-06,"v0.1.1","Riffle-0.1.1-1.x86_64.rpm.sig",0
2026-10-06,"v0.1.1","Riffle_0.1.1_aarch64.dmg",1
2026-10-06,"v0.1.1","Riffle_0.1.1_amd64.AppImage",0
2026-10-06,"v0.1.1","Riffle_0.1.1_amd64.AppImage.sig",0
2026-10-06,"v0.1.1","Riffle_0.1.1_amd64.deb",0
2026-10-06,"v0.1.1","Riffle_0.1.1_amd64.deb.sig",0
2026-10-06,"v0.1.1","Riffle_0.1.1_x64-setup.exe",0
2026-10-06,"v0.1.1","Riffle_0.1.1_x64-setup.exe.sig",0
2026-10-06,"v0.1.1","Riffle_0.1.1_x64.dmg",0
2026-10-06,"v0.1.1","Riffle_0.1.1_x64_en-US.msi",0
2026-10-06,"v0.1.1","Riffle_0.1.1_x64_en-US.msi.sig",0
2026-10-06,"v0.1.1","Riffle_aarch64.app.tar.gz",0
2026-10-06,"v0.1.1","Riffle_aarch64.app.tar.gz.sig",0
2026-10-06,"v0.1.1","Riffle_x64.app.tar.gz",0
2026-10-06,"v0.1.1","Riffle_x64.app.tar.gz.sig",0
2026-10-06,"v0.1.1","latest.json",6
2026-10-06,"v0.1.10","Riffle-0.1.10-1.x86_64.rpm",0
2026-10-06,"v0.1.10","Riffle-0.1.10-1.x86_64.rpm.sig",0
2026-10-06,"v0.1.10","Riffle_0.1.10_aarch64.dmg",0
2026-10-06,"v0.1.10","Riffle_0.1.10_amd64.AppImage",0
2026-10-06,"v0.1.10","Riffle_0.1.10_amd64.AppImage.sig",0
2026-10-06,"v0.1.10","Riffle_0.1.10_amd64.deb",0
2026-10-06,"v0.1.10","Riffle_0.1.10_amd64.deb.sig",0
2026-10-06,"v0.1.10","Riffle_0.1.10_x64-setup.exe",0
2026-10-06,"v0.1.10","Riffle_0.1.10_x64-setup.exe.sig",0
2026-10-06,"v0.1.10","Riffle_0.1.10_x64.dmg",0
2026-10-06,"v0.1.10","Riffle_0.1.10_x64_en-US.msi",0
2026-10-06,"v0.1.10","Riffle_0.1.10_x64_en-US.msi.sig",0
2026-10-06,"v0.1.10","Riffle_aarch64.app.tar.gz",0
2026-10-06,"v0.1.10","Riffle_aarch64.app.tar.gz.sig",0
2026-10-06,"v0.1.10","Riffle_x64.app.tar.gz",0
2026-10-06,"v0.1.10","Riffle_x64.app.tar.gz.sig",0
2026-10-06,"v0.1.10","latest.json",5
2026-10-06,"v0.1.2","Riffle-0.1.2-1.x86_64.rpm",0
2026-10-06,"v0.1.2","Riffle-0.1.2-1.x86_64.rpm.sig",0
2026-10-06,"v0.1.2","Riffle_0.1.2_aarch64.dmg",0
2026-10-06,"v0.1.2","Riffle_0.1.2_amd64.AppImage",0
2026-10-06,"v0.1.2","Riffle_0.1.2_amd64.AppImage.sig",0
2026-10-06,"v0.1.2","Riffle_0.1.2_amd64.deb",0
2026-10-06,"v0.1.2","Riffle_0.1.2_amd64.deb.sig",0
2026-10-06,"v0.1.2","Riffle_0.1.2_x64-setup.exe",1
2026-10-06,"v0.1.2","Riffle_0.1.2_x64-setup.exe.sig",0
2026-10-06,"v0.1.2","Riffle_0.1.2_x64.dmg",0
2026-10-06,"v0.1.2","Riffle_0.1.2_x64_en-US.msi",0
2026-10-06,"v0.1.2","Riffle_0.1.2_x64_en-US.msi.sig",0
2026-10-06,"v0.1.2","Riffle_aarch64.app.tar.gz",1
2026-10-06,"v0.1.2","Riffle_aarch64.app.tar.gz.sig",0
2026-10-06,"v0.1.2","Riffle_x64.app.tar.gz",0
2026-10-06,"v0.1.2","Riffle_x64.app.tar.gz.sig",0
2026-10-06,"v0.1.2","latest.json",3
2026-10-06,"v0.1.3","Riffle-0.1.3-1.x86_64.rpm",0
2026-10-06,"v0.1.3","Riffle-0.1.3-1.x86_64.rpm.sig",0
2026-10-06,"v0.1.3","Riffle_0.1.3_aarch64.dmg",0
2026-10-06,"v0.1.3","Riffle_0.1.3_amd64.AppImage",0
2026-10-06,"v0.1.3","Riffle_0.1.3_amd64.AppImage.sig",0
2026-10-06,"v0.1.3","Riffle_0.1.3_amd64.deb",0
2026-10-06,"v0.1.3","Riffle_0.1.3_amd64.deb.sig",0
2026-10-06,"v0.1.3","Riffle_0.1.3_x64-setup.exe",1
2026-10-06,"v0.1.3","Riffle_0.1.3_x64-setup.exe.sig",0
2026-10-06,"v0.1.3","Riffle_0.1.3_x64.dmg",0
2026-10-06,"v0.1.3","Riffle_0.1.3_x64_en-US.msi",0
2026-10-06,"v0.1.3","Riffle_0.1.3_x64_en-US.msi.sig",0
2026-10-06,"v0.1.3","Riffle_aarch64.app.tar.gz",0
2026-10-06,"v0.1.3","Riffle_aarch64.app.tar.gz.sig",0
2026-10-06,"v0.1.3","Riffle_x64.app.tar.gz",0
2026-10-06,"v0.1.3","Riffle_x64.app.tar.gz.sig",0
2026-10-06,"v0.1.3","latest.json",0
2026-10-06,"v0.1.4","Riffle-0.1.4-1.x86_64.rpm",0
2026-10-06,"v0.1.4","Riffle-0.1.4-1.x86_64.rpm.sig",0
2026-10-06,"v0.1.4","Riffle_0.1.4_aarch64.dmg",0
2026-10-06,"v0.1.4","Riffle_0.1.4_amd64.AppImage",0
2026-10-06,"v0.1.4","Riffle_0.1.4_amd64.AppImage.sig",0
2026-10-06,"v0.1.4","Riffle_0.1.4_amd64.deb",0
2026-10-06,"v0.1.4","Riffle_0.1.4_amd64.deb.sig",0
2026-10-06,"v0.1.4","Riffle_0.1.4_x64-setup.exe",0
2026-10-06,"v0.1.4","Riffle_0.1.4_x64-setup.exe.sig",0
2026-10-06,"v0.1.4","Riffle_0.1.4_x64.dmg",0
2026-10-06,"v0.1.4","Riffle_0.1.4_x64_en-US.msi",0
2026-10-06,"v0.1.4","Riffle_0.1.4_x64_en-US.msi.sig",0
2026-10-06,"v0.1.4","Riffle_aarch64.app.tar.gz",0
2026-10-06,"v0.1.4","Riffle_aarch64.app.tar.gz.sig",0
2026-10-06,"v0.1.4","Riffle_x64.app.tar.gz",0
2026-10-06,"v0.1.4","Riffle_x64.app.tar.gz.sig",0
2026-10-06,"v0.1.4","latest.json",4
2026-10-06,"v0.1.5","Riffle-0.1.5-1.x86_64.rpm",0
2026-10-06,"v0.1.5","Riffle-0.1.5-1.x86_64.rpm.sig",0
2026-10-06,"v0.1.5","Riffle_0.1.5_aarch64.dmg",0
2026-10-06,"v0.1.5","Riffle_0.1.5_amd64.AppImage",0
2026-10-06,"v0.1.5","Riffle_0.1.5_amd64.AppImage.sig",0
2026-10-06,"v0.1.5","Riffle_0.1.5_amd64.deb",0
2026-10-06,"v0.1.5","Riffle_0.1.5_amd64.deb.sig",0
2026-10-06,"v0.1.5","Riffle_0.1.5_x64-setup.exe",1
2026-10-06,"v0.1.5","Riffle_0.1.5_x64-setup.exe.sig",0
2026-10-06,"v0.1.5","Riffle_0.1.5_x64.dmg",0
2026-10-06,"v0.1.5","Riffle_0.1.5_x64_en-US.msi",0
2026-10-06,"v0.1.5","Riffle_0.1.5_x64_en-US.msi.sig",0
2026-10-06,"v0.1.5","Riffle_aarch64.app.tar.gz",1
2026-10-06,"v0.1.5","Riffle_aarch64.app.tar.gz.sig",0
2026-10-06,"v0.1.5","Riffle_x64.app.tar.gz",0
2026-10-06,"v0.1.5","Riffle_x64.app.tar.gz.sig",0
2026-10-06,"v0.1.5","latest.json",15
2026-10-06,"v0.1.6","Riffle-0.1.6-1.x86_64.rpm",0
2026-10-06,"v0.1.6","Riffle-0.1.6-1.x86_64.rpm.sig",0
2026-10-06,"v0.1.6","Riffle_0.1.6_aarch64.dmg",0
2026-10-06,"v0.1.6","Riffle_0.1.6_amd64.AppImage",0
2026-10-06,"v0.1.6","Riffle_0.1.6_amd64.AppImage.sig",0
2026-10-06,"v0.1.6","Riffle_0.1.6_amd64.deb",0
2026-10-06,"v0.1.6","Riffle_0.1.6_amd64.deb.sig",0
2026-10-06,"v0.1.6","Riffle_0.1.6_x64-setup.exe",0
2026-10-06,"v0.1.6","Riffle_0.1.6_x64-setup.exe.sig",0
2026-10-06,"v0.1.6","Riffle_0.1.6_x64.dmg",0
2026-10-06,"v0.1.6","Riffle_0.1.6_x64_en-US.msi",0
2026-10-06,"v0.1.6","Riffle_0.1.6_x64_en-US.msi.sig",0
2026-10-06,"v0.1.6","Riffle_aarch64.app.tar.gz",0
2026-10-06,"v0.1.6","Riffle_aarch64.app.tar.gz.sig",0
2026-10-06,"v0.1.6","Riffle_x64.app.tar.gz",0
2026-10-06,"v0.1.6","Riffle_x64.app.tar.gz.sig",0
2026-10-06,"v0.1.6","latest.json",10
2026-10-06,"v0.1.7","Riffle-0.1.7-1.x86_64.rpm",0
2026-10-06,"v0.1.7","Riffle-0.1.7-1.x86_64.rpm.sig",0
2026-10-06,"v0.1.7","Riffle_0.1.7_aarch64.dmg",0
2026-10-06,"v0.1.7","Riffle_0.1.7_amd64.AppImage",0
2026-10-06,"v0.1.7","Riffle_0.1.7_amd64.AppImage.sig",0
2026-10-06,"v0.1.7","Riffle_0.1.7_amd64.deb",0
2026-10-06,"v0.1.7","Riffle_0.1.7_amd64.deb.sig",0
2026-10-06,"v0.1.7","Riffle_0.1.7_x64-setup.exe",0
2026-10-06,"v0.1.7","Riffle_0.1.7_x64-setup.exe.sig",0
2026-10-06,"v0.1.7","Riffle_0.1.7_x64.dmg",0
2026-10-06,"v0.1.7","Riffle_0.1.7_x64_en-US.msi",0
2026-10-06,"v0.1.7","Riffle_0.1.7_x64_en-US.msi.sig",0
2026-10-06,"v0.1.7","Riffle_aarch64.app.tar.gz",0
2026-10-06,"v0.1.7","Riffle_aarch64.app.tar.gz.sig",0
2026-10-06,"v0.1.7","Riffle_x64.app.tar.gz",0
2026-10-06,"v0.1.7","Riffle_x64.app.tar.gz.sig",0
2026-10-06,"v0.1.7","latest.json",13
2026-10-06,"v0.1.8","Riffle-0.1.8-1.x86_64.rpm",0
2026-10-06,"v0.1.8","Riffle-0.1.8-1.x86_64.rpm.sig",0
2026-10-06,"v0.1.8","Riffle_0.1.8_aarch64.dmg",0
2026-10-06,"v0.1.8","Riffle_0.1.8_amd64.AppImage",0
2026-10-06,"v0.1.8","Riffle_0.1.8_amd64.AppImage.sig",0
2026-10-06,"v0.1.8","Riffle_0.1.8_amd64.deb",0
2026-10-06,"v0.1.8","Riffle_0.1.8_amd64.deb.sig",0
2026-10-06,"v0.1.8","Riffle_0.1.8_x64-setup.exe",0
2026-10-06,"v0.1.8","Riffle_0.1.8_x64-setup.exe.sig",0
2026-10-06,"v0.1.8","Riffle_0.1.8_x64.dmg",0
2026-10-06,"v0.1.8","Riffle_0.1.8_x64_en-US.msi",0
2026-10-06,"v0.1.8","Riffle_0.1.8_x64_en-US.msi.sig",0
2026-10-06,"v0.1.8","Riffle_aarch64.app.tar.gz",1
2026-10-06,"v0.1.8","Riffle_aarch64.app.tar.gz.sig",0
2026-10-06,"v0.1.8","Riffle_x64.app.tar.gz",0
2026-10-06,"v0.1.8","Riffle_x64.app.tar.gz.sig",0
2026-10-06,"v0.1.8","latest.json",19
2026-10-06,"v0.1.9","Riffle-0.1.9-1.x86_64.rpm",0
2026-10-06,"v0.1.9","Riffle-0.1.9-1.x86_64.rpm.sig",0
2026-10-06,"v0.1.9","Riffle_0.1.9_aarch64.dmg",0
2026-10-06,"v0.1.9","Riffle_0.1.9_amd64.AppImage",0
2026-10-06,"v0.1.9","Riffle_0.1.9_amd64.AppImage.sig",0
2026-10-06,"v0.1.9","Riffle_0.1.9_amd64.deb",0
2026-10-06,"v0.1.9","Riffle_0.1.9_amd64.deb.sig",0
2026-10-06,"v0.1.9","Riffle_0.1.9_x64-setup.exe",2
2026-10-06,"v0.1.9","Riffle_0.1.9_x64-setup.exe.sig",0
2026-10-06,"v0.1.9","Riffle_0.1.9_x64.dmg",0
2026-10-06,"v0.1.9","Riffle_0.1.9_x64_en-US.msi",0
2026-10-06,"v0.1.9","Riffle_0.1.9_x64_en-US.msi.sig",0
2026-10-06,"v0.1.9","Riffle_aarch64.app.tar.gz",0
2026-10-06,"v0.1.9","Riffle_aarch64.app.tar.gz.sig",0
2026-10-06,"v0.1.9","Riffle_x64.app.tar.gz",0
2026-10-06,"v0.1.9","Riffle_x64.app.tar.gz.sig",0
2026-10-06,"v0.1.9","latest.json",18
2026-10-06,"v0.2.0","Riffle-0.2.0-1.x86_64.rpm",0
2026-10-06,"v0.2.0","Riffle-0.2.0-1.x86_64.rpm.sig",0
2026-10-06,"v0.2.0","Riffle_0.2.0_aarch64.dmg",0
2026-10-06,"v0.2.0","Riffle_0.2.0_amd64.AppImage",0
2026-10-06,"v0.2.0","Riffle_0.2.0_amd64.AppImage.sig",0
2026-10-06,"v0.2.0","Riffle_0.2.0_amd64.deb",0
2026-10-06,"v0.2.0","Riffle_0.2.0_amd64.deb.sig",0
2026-10-06,"v0.2.0","Riffle_0.2.0_x64-setup.exe",1
2026-10-06,"v0.2.0","Riffle_0.2.0_x64-setup.exe.sig",0
2026-10-06,"v0.2.0","Riffle_0.2.0_x64.dmg",0
2026-10-06,"v0.2.0","Riffle_0.2.0_x64_en-US.msi",0
2026-10-06,"v0.2.0","Riffle_0.2.0_x64_en-US.msi.sig",0
2026-10-06,"v0.2.0","Riffle_aarch64.app.tar.gz",0
2026-10-06,"v0.2.0","Riffle_aarch64.app.tar.gz.sig",0
2026-10-06,"v0.2.0","Riffle_x64.app.tar.gz",0
2026-10-06,"v0.2.0","Riffle_x64.app.tar.gz.sig",0
2026-10-06,"v0.2.0","latest.json",2
2026-10-06,"v0.2.1","Riffle-0.2.1-1.x86_64.rpm",0
2026-10-06,"v0.2.1","Riffle-0.2.1-1.x86_64.rpm.sig",0
2026-10-06,"v0.2.1","Riffle_0.2.1_aarch64.dmg",0
2026-10-06,"v0.2.1","Riffle_0.2.1_amd64.AppImage",1
2026-10-06,"v0.2.1","Riffle_0.2.1_amd64.AppImage.sig",0
2026-10-06,"v0.2.1","Riffle_0.2.1_amd64.deb",0
2026-10-06,"v0.2.1","Riffle_0.2.1_amd64.deb.sig",0
2026-10-06,"v0.2.1","Riffle_0.2.1_x64-setup.exe",0
2026-10-06,"v0.2.1","Riffle_0.2.1_x64-setup.exe.sig",0
2026-10-06,"v0.2.1","Riffle_0.2.1_x64.dmg",0
2026-10-06,"v0.2.1","Riffle_0.2.1_x64_en-US.msi",0
2026-10-06,"v0.2.1","Riffle_0.2.1_x64_en-US.msi.sig",0
2026-10-06,"v0.2.1","Riffle_aarch64.app.tar.gz",0
2026-10-06,"v0.2.1","Riffle_aarch64.app.tar.gz.sig",0
2026-10-06,"v0.2.1","Riffle_x64.app.tar.gz",0
2026-10-06,"v0.2.1","Riffle_x64.app.tar.gz.sig",0
2026-10-06,"v0.2.1","latest.json",3
2026-10-06,"v0.2.2","Riffle-0.2.2-1.x86_64.rpm",0
2026-10-06,"v0.2.2","Riffle-0.2.2-1.x86_64.rpm.sig",0
2026-10-06,"v0.2.2","Riffle_0.2.2_aarch64.dmg",0
2026-10-06,"v0.2.2","Riffle_0.2.2_amd64.AppImage",0
2026-10-06,"v0.2.2","Riffle_0.2.2_amd64.AppImage.sig",0
2026-10-06,"v0.2.2","Riffle_0.2.2_amd64.deb",0
2026-10-06,"v0.2.2","Riffle_0.2.2_amd64.deb.sig",0
2026-10-06,"v0.2.2","Riffle_0.2.2_x64-setup.exe",1
2026-10-06,"v0.2.2","Riffle_0.2.2_x64-setup.exe.sig",0
2026-10-06,"v0.2.2","Riffle_0.2.2_x64.dmg",0
2026-10-06,"v0.2.2","Riffle_0.2.2_x64_en-US.msi",0
2026-10-06,"v0.2.2","Riffle_0.2.2_x64_en-US.msi.sig",0
2026-10-06,"v0.2.2","Riffle_aarch64.app.tar.gz",0
2026-10-06,"v0.2.2","Riffle_aarch64.app.tar.gz.sig",0
2026-10-06,"v0.2.2","Riffle_x64.app.tar.gz",0
2026-10-06,"v0.2.2","Riffle_x64.app.tar.gz.sig",0
2026-10-06,"v0.2.2","latest.json",1
2026-10-06,"v0.3.0","Riffle-0.3.0-1.x86_64.rpm",0
2026-10-06,"v0.3.0","Riffle-0.3.0-1.x86_64.rpm.sig",0
2026-10-06,"v0.3.0","Riffle_0.3.0_aarch64.dmg",0
2026-10-06,"v0.3.0","Riffle_0.3.0_amd64.AppImage",0
2026-10-06,"v0.3.0","Riffle_0.3.0_amd64.AppImage.sig",0
2026-10-06,"v0.3.0","Riffle_0.3.0_amd64.deb",0
2026-10-06,"v0.3.0","Riffle_0.3.0_amd64.deb.sig",0
2026-10-06,"v0.3.0","Riffle_0.3.0_x64-setup.exe",1
2026-10-06,"v0.3.0","Riffle_0.3.0_x64-setup.exe.sig",0
2026-10-06,"v0.3.0","Riffle_0.3.0_x64.dmg",0
2026-10-06,"v0.3.0","Riffle_0.3.0_x64_en-US.msi",0
2026-10-06,"v0.3.0","Riffle_0.3.0_x64_en-US.msi.sig",0
2026-10-06,"v0.3.0","Riffle_aarch64.app.tar.gz",0
2026-10-06,"v0.3.0","Riffle_aarch64.app.tar.gz.sig",0
2026-10-06,"v0.3.0","Riffle_x64.app.tar.gz",0
2026-10-06,"v0.3.0","Riffle_x64.app.tar.gz.sig",0
2026-10-06,"v0.3.0","latest.json",7
2026-10-06,"v0.3.1","Riffle-0.3.1-1.x86_64.rpm",0
2026-10-06,"v0.3.1","Riffle-0.3.1-1.x86_64.rpm.sig",0
2026-10-06,"v0.3.1","Riffle_0.3.1_aarch64.dmg",0
2026-10-06,"v0.3.1","Riffle_0.3.1_amd64.AppImage",0
2026-10-06,"v0.3.1","Riffle_0.3.1_amd64.AppImage.sig",0
2026-10-06,"v0.3.1","Riffle_0.3.1_amd64.deb",0
2026-10-06,"v0.3.1","Riffle_0.3.1_amd64.deb.sig",0
2026-10-06,"v0.3.1","Riffle_0.3.1_x64-setup.exe",2
2026-10-06,"v0.3.1","Riffle_0.3.1_x64-setup.exe.sig",0
2026-10-06,"v0.3.1","Riffle_0.3.1_x64.dmg",0
2026-10-06,"v0.3.1","Riffle_0.3.1_x64_en-US.msi",0
2026-10-06,"v0.3.1","Riffle_0.3.1_x64_en-US.msi.sig",0
2026-10-06,"v0.3.1","Riffle_aarch64.app.tar.gz",1
2026-10-06,"v0.3.1","Riffle_aarch64.app.tar.gz.sig",0
2026-10-06,"v0.3.1","Riffle_x64.app.tar.gz",0
2026-10-06,"v0.3.1","Riffle_x64.app.tar.gz.sig",0
2026-10-06,"v0.3.1","latest.json",4
2026-10-06,"v0.4.0","Riffle-0.4.0-1.x86_64.rpm",0
2026-10-06,"v0.4.0","Riffle-0.4.0-1.x86_64.rpm.sig",0
2026-10-06,"v0.4.0","Riffle_0.4.0_aarch64.dmg",0
2026-10-06,"v0.4.0","Riffle_0.4.0_amd64.AppImage",0
2026-10-06,"v0.4.0","Riffle_0.4.0_amd64.AppImage.sig",0
2026-10-06,"v0.4.0","Riffle_0.4.0_amd64.deb",0
2026-10-06,"v0.4.0","Riffle_0.4.0_amd64.deb.sig",0
2026-10-06,"v0.4.0","Riffle_0.4.0_x64-setup.exe",1
2026-10-06,"v0.4.0","Riffle_0.4.0_x64-setup.exe.sig",0
2026-10-06,"v0.4.0","Riffle_0.4.0_x64.dmg",0
2026-10-06,"v0.4.0","Riffle_0.4.0_x64_en-US.msi",0
2026-10-06,"v0.4.0","Riffle_0.4.0_x64_en-US.msi.sig",0
2026-10-06,"v0.4.0","Riffle_aarch64.app.tar.gz",0
2026-10-06,"v0.4.0","Riffle_aarch64.app.tar.gz.sig",0
2026-10-06,"v0.4.0","Riffle_x64.app.tar.gz",0
2026-10-06,"v0.4.0","Riffle_x64.app.tar.gz.sig",0
2026-10-06,"v0.4.0","latest.json",26
2026-10-06,"v1.0.0","Riffle-1.0.0-1.x86_64.rpm",0
2026-10-06,"v1.0.0","Riffle-1.0.0-1.x86_64.rpm.sig",0
2026-10-06,"v1.0.0","Riffle_1.0.0_aarch64.dmg",0
2026-10-06,"v1.0.0","Riffle_1.0.0_amd64.AppImage",0
2026-10-06,"v1.0.0","Riffle_1.0.0_amd64.AppImage.sig",0
2026-10-06,"v1.0.0","Riffle_1.0.0_amd64.deb",0
2026-10-06,"v1.0.0","Riffle_1.0.0_amd64.deb.sig",0
2026-10-06,"v1.0.0","Riffle_1.0.0_x64-setup.exe",1
2026-10-06,"v1.0.0","Riffle_1.0.0_x64-setup.exe.sig",0
2026-10-06,"v1.0.0","Riffle_1.0.0_x64.dmg",0
2026-10-06,"v1.0.0","Riffle_1.0.0_x64_en-US.msi",0
2026-10-06,"v1.0.0","Riffle_1.0.0_x64_en-US.msi.sig",0
2026-10-06,"v1.0.0","Riffle_aarch64.app.tar.gz",0
2026-10-06,"v1.0.0","Riffle_aarch64.app.tar.gz.sig",0
2026-10-06,"v1.0.0","Riffle_x64.app.tar.gz",0
2026-10-06,"v1.0.0","Riffle_x64.app.tar.gz.sig",0
2026-10-06,"v1.0.0","latest.json",7
2026-10-06,"v1.1.0","Riffle-1.1.0-1.x86_64.rpm",0
2026-10-06,"v1.1.0","Riffle-1.1.0-1.x86_64.rpm.sig",0
2026-10-06,"v1.1.0","Riffle_1.1.0_aarch64.dmg",0
2026-10-06,"v1.1.0","Riffle_1.1.0_amd64.AppImage",0
2026-10-06,"v1.1.0","Riffle_1.1.0_amd64.AppImage.sig",0
2026-10-06,"v1.1.0","Riffle_1.1.0_amd64.deb",0
2026-10-06,"v1.1.0","Riffle_1.1.0_amd64.deb.sig",0
2026-10-06,"v1.1.0","Riffle_1.1.0_x64-setup.exe",0
2026-10-06,"v1.1.0","Riffle_1.1.0_x64-setup.exe.sig",0
2026-10-06,"v1.1.0","Riffle_1.1.0_x64.dmg",0
2026-10-06,"v1.1.0","Riffle_1.1.0_x64_en-US.msi",0
2026-10-06,"v1.1.0","Riffle_1.1.0_x64_en-US.msi.sig",0
2026-10-06,"v1.1.0","Riffle_aarch64.app.tar.gz",0
2026-10-06,"v1.1.0","Riffle_aarch64.app.tar.gz.sig",0
2026-10-06,"v1.1.0","Riffle_x64.app.tar.gz",0
2026-10-06,"v1.1.0","Riffle_x64.app.tar.gz.sig",0
2026-10-06,"v1.1.0","latest.json",18
2026-10-06,"v1.2.0","Riffle-1.2.0-1.x86_64.rpm",0
2026-10-06,"v1.2.0","Riffle-1.2.0-1.x86_64.rpm.sig",0
2026-10-06,"v1.2.0","Riffle_1.2.0_aarch64.dmg",0
2026-10-06,"v1.2.0","Riffle_1.2.0_amd64.AppImage",0
2026-10-06,"v1.2.0","Riffle_1.2.0_amd64.AppImage.sig",0
2026-10-06,"v1.2.0","Riffle_1.2.0_amd64.deb",0
2026-10-06,"v1.2.0","Riffle_1.2.0_amd64.deb.sig",0
2026-10-06,"v1.2.0","Riffle_1.2.0_x64-setup.exe",0
2026-10-06,"v1.2.0","Riffle_1.2.0_x64-setup.exe.sig",0
2026-10-06,"v1.2.0","Riffle_1.2.0_x64.dmg",0
2026-10-06,"v1.2.0","Riffle_1.2.0_x64_en-US.msi",0
2026-10-06,"v1.2.0","Riffle_1.2.0_x64_en-US.msi.sig",0
2026-10-06,"v1.2.0","Riffle_aarch64.app.tar.gz",0
2026-10-06,"v1.2.0","Riffle_aarch64.app.tar.gz.sig",0
2026-10-06,"v1.2.0","Riffle_x64.app.tar.gz",0
2026-10-06,"v1.2.0","Riffle_x64.app.tar.gz.sig",0
2026-10-06,"v1.2.0","latest.json",3
2026-10-06,"v1.3.0","Riffle-1.3.0-1.x86_64.rpm",0
2026-10-06,"v1.3.0","Riffle-1.3.0-1.x86_64.rpm.sig",0
2026-10-06,"v1.3.0","Riffle_1.3.0_aarch64.dmg",0
2026-10-06,"v1.3.0","Riffle_1.3.0_amd64.AppImage",1
2026-10-06,"v1.3.0","Riffle_1.3.0_amd64.AppImage.sig",0
2026-10-06,"v1.3.0","Riffle_1.3.0_amd64.deb",0
2026-10-06,"v1.3.0","Riffle_1.3.0_amd64.deb.sig",0
2026-10-06,"v1.3.0","Riffle_1.3.0_x64-setup.exe",0
2026-10-06,"v1.3.0","Riffle_1.3.0_x64-setup.exe.sig",0
2026-10-06,"v1.3.0","Riffle_1.3.0_x64.dmg",0
2026-10-06,"v1.3.0","Riffle_1.3.0_x64_en-US.msi",0
2026-10-06,"v1.3.0","Riffle_1.3.0_x64_en-US.msi.sig",0
2026-10-06,"v1.3.0","Riffle_aarch64.app.tar.gz",0
2026-10-06,"v1.3.0","Riffle_aarch64.app.tar.gz.sig",0
2026-10-06,"v1.3.0","Riffle_x64.app.tar.gz",0
2026-10-06,"v1.3.0","Riffle_x64.app.tar.gz.sig",0
2026-10-06,"v1.3.0","latest.json",6
2026-10-06,"v1.4.0","Riffle-1.4.0-1.x86_64.rpm",0
2026-10-06,"v1.4.0","Riffle-1.4.0-1.x86_64.rpm.sig",0
2026-10-06,"v1.4.0","Riffle_1.4.0_aarch64.dmg",0
2026-10-06,"v1.4.0","Riffle_1.4.0_amd64.AppImage",0
2026-10-06,"v1.4.0","Riffle_1.4.0_amd64.AppImage.sig",0
2026-10-06,"v1.4.0","Riffle_1.4.0_amd64.deb",0
2026-10-06,"v1.4.0","Riffle_1.4.0_amd64.deb.sig",0
2026-10-06,"v1.4.0","Riffle_1.4.0_x64-setup.exe",0
2026-10-06,"v1.4.0","Riffle_1.4.0_x64-setup.exe.sig",0
2026-10-06,"v1.4.0","Riffle_1.4.0_x64.dmg",0
2026-10-06,"v1.4.0","Riffle_1.4.0_x64_en-US.msi",0
2026-10-06,"v1.4.0","Riffle_1.4.0_x64_en-US.msi.sig",0
2026-10-06,"v1.4.0","Riffle_aarch64.app.tar.gz",0
2026-10-06,"v1.4.0","Riffle_aarch64.app.tar.gz.sig",0
2026-10-06,"v1.4.0","Riffle_x64.app.tar.gz",0
2026-10-06,"v1.4.0","Riffle_x64.app.tar.gz.sig",0
2026-10-06,"v1.4.0","latest.json",12
2026-10-07,"v0.1.0","Riffle-0.1.0-1.x86_64.rpm",0
2026-10-07,"v0.1.0","Riffle-0.1.0-1.x86_64.rpm.sig",0
2026-10-07,"v0.1.0","Riffle_0.1.0_aarch64.dmg",0
2026-10-07,"v0.1.0","Riffle_0.1.0_amd64.AppImage",0
2026-10-07,"v0.1.0","Riffle_0.1.0_amd64.AppImage.sig",0
2026-10-07,"v0.1.0","Riffle_0.1.0_amd64.deb",0
2026-10-07,"v0.1.0","Riffle_0.1.0_amd64.deb.sig",0
2026-10-07,"v0.1.0","Riffle_0.1.0_x64-setup.exe",0
2026-10-07,"v0.1.0","Riffle_0.1.0_x64-setup.exe.sig",0
2026-10-07,"v0.1.0","Riffle_0.1.0_x64.dmg",0
2026-10-07,"v0.1.0","Riffle_0.1.0_x64_en-US.msi",0
2026-10-07,"v0.1.0","Riffle_0.1.0_x64_en-US.msi.sig",0
2026-10-07,"v0.1.0","Riffle_aarch64.app.tar.gz",0
2026-10-07,"v0.1.0","Riffle_aarch64.app.tar.gz.sig",0
2026-10-07,"v0.1.0","Riffle_x64.app.tar.gz",0
2026-10-07,"v0.1.0","Riffle_x64.app.tar.gz.sig",0
2026-10-07,"v0.1.0","latest.json",14
2026-10-07,"v0.1.1","Riffle-0.1.1-1.x86_64.rpm",0
2026-10-07,"v0.1.1","Riffle-0.1.1-1.x86_64.rpm.sig",0
2026-10-07,"v0.1.1","Riffle_0.1.1_aarch64.dmg",1
2026-10-07,"v0.1.1","Riffle_0.1.1_amd64.AppImage",0
2026-10-07,"v0.1.1","Riffle_0.1.1_amd64.AppImage.sig",0
2026-10-07,"v0.1.1","Riffle_0.1.1_amd64.deb",0
2026-10-07,"v0.1.1","Riffle_0.1.1_amd64.deb.sig",0
2026-10-07,"v0.1.1","Riffle_0.1.1_x64-setup.exe",0
2026-10-07,"v0.1.1","Riffle_0.1.1_x64-setup.exe.sig",0
2026-10-07,"v0.1.1","Riffle_0.1.1_x64.dmg",0
2026-10-07,"v0.1.1","Riffle_0.1.1_x64_en-US.msi",0
2026-10-07,"v0.1.1","Riffle_0.1.1_x64_en-US.msi.sig",0
2026-10-07,"v0.1.1","Riffle_aarch64.app.tar.gz",0
2026-10-07,"v0.1.1","Riffle_aarch64.app.tar.gz.sig",0
2026-10-07,"v0.1.1","Riffle_x64.app.tar.gz",0
2026-10-07,"v0.1.1","Riffle_x64.app.tar.gz.sig",0
2026-10-07,"v0.1.1","latest.json",6
2026-10-07,"v0.1.10","Riffle-0.1.10-1.x86_64.rpm",0
2026-10-07,"v0.1.10","Riffle-0.1.10-1.x86_64.rpm.sig",0
2026-10-07,"v0.1.10","Riffle_0.1.10_aarch64.dmg",0
2026-10-07,"v0.1.10","Riffle_0.1.10_amd64.AppImage",0
2026-10-07,"v0.1.10","Riffle_0.1.10_amd64.AppImage.sig",0
2026-10-07,"v0.1.10","Riffle_0.1.10_amd64.deb",0
2026-10-07,"v0.1.10","Riffle_0.1.10_amd64.deb.sig",0
2026-10-07,"v0.1.10","Riffle_0.1.10_x64-setup.exe",0
2026-10-07,"v0.1.10","Riffle_0.1.10_x64-setup.exe.sig",0
2026-10-07,"v0.1.10","Riffle_0.1.10_x64.dmg",0
2026-10-07,"v0.1.10","Riffle_0.1.10_x64_en-US.msi",0
2026-10-07,"v0.1.10","Riffle_0.1.10_x64_en-US.msi.sig",0
2026-10-07,"v0.1.10","Riffle_aarch64.app.tar.gz",0
2026-10-07,"v0.1.10","Riffle_aarch64.app.tar.gz.sig",0
2026-10-07,"v0.1.10","Riffle_x64.app.tar.gz",0
2026-10-07,"v0.1.10","Riffle_x64.app.tar.gz.sig",0
2026-10-07,"v0.1.10","latest.json",5
2026-10-07,"v0.1.2","Riffle-0.1.2-1.x86_64.rpm",0
2026-10-07,"v0.1.2","Riffle-0.1.2-1.x86_64.rpm.sig",0
2026-10-07,"v0.1.2","Riffle_0.1.2_aarch64.dmg",0
2026-10-07,"v0.1.2","Riffle_0.1.2_amd64.AppImage",0
2026-10-07,"v0.1.2","Riffle_0.1.2_amd64.AppImage.sig",0
2026-10-07,"v0.1.2","Riffle_0.1.2_amd64.deb",0
2026-10-07,"v0.1.2","Riffle_0.1.2_amd64.deb.sig",0
2026-10-07,"v0.1.2","Riffle_0.1.2_x64-setup.exe",1
2026-10-07,"v0.1.2","Riffle_0.1.2_x64-setup.exe.sig",0
2026-10-07,"v0.1.2","Riffle_0.1.2_x64.dmg",0
2026-10-07,"v0.1.2","Riffle_0.1.2_x64_en-US.msi",0
2026-10-07,"v0.1.2","Riffle_0.1.2_x64_en-US.msi.sig",0
2026-10-07,"v0.1.2","Riffle_aarch64.app.tar.gz",1
2026-10-07,"v0.1.2","Riffle_aarch64.app.tar.gz.sig",0
2026-10-07,"v0.1.2","Riffle_x64.app.tar.gz",0
2026-10-07,"v0.1.2","Riffle_x64.app.tar.gz.sig",0
2026-10-07,"v0.1.2","latest.json",3
2026-10-07,"v0.1.3","Riffle-0.1.3-1.x86_64.rpm",0
2026-10-07,"v0.1.3","Riffle-0.1.3-1.x86_64.rpm.sig",0
2026-10-07,"v0.1.3","Riffle_0.1.3_aarch64.dmg",0
2026-10-07,"v0.1.3","Riffle_0.1.3_amd64.AppImage",0
2026-10-07,"v0.1.3","Riffle_0.1.3_amd64.AppImage.sig",0
2026-10-07,"v0.1.3","Riffle_0.1.3_amd64.deb",0
2026-10-07,"v0.1.3","Riffle_0.1.3_amd64.deb.sig",0
2026-10-07,"v0.1.3","Riffle_0.1.3_x64-setup.exe",1
2026-10-07,"v0.1.3","Riffle_0.1.3_x64-setup.exe.sig",0
2026-10-07,"v0.1.3","Riffle_0.1.3_x64.dmg",0
2026-10-07,"v0.1.3","Riffle_0.1.3_x64_en-US.msi",0
2026-10-07,"v0.1.3","Riffle_0.1.3_x64_en-US.msi.sig",0
2026-10-07,"v0.1.3","Riffle_aarch64.app.tar.gz",0
2026-10-07,"v0.1.3","Riffle_aarch64.app.tar.gz.sig",0
2026-10-07,"v0.1.3","Riffle_x64.app.tar.gz",0
2026-10-07,"v0.1.3","Riffle_x64.app.tar.gz.sig",0
2026-10-07,"v0.1.3","latest.json",0
2026-10-07,"v0.1.4","Riffle-0.1.4-1.x86_64.rpm",0
2026-10-07,"v0.1.4","Riffle-0.1.4-1.x86_64.rpm.sig",0
2026-10-07,"v0.1.4","Riffle_0.1.4_aarch64.dmg",0
2026-10-07,"v0.1.4","Riffle_0.1.4_amd64.AppImage",0
2026-10-07,"v0.1.4","Riffle_0.1.4_amd64.AppImage.sig",0
2026-10-07,"v0.1.4","Riffle_0.1.4_amd64.deb",0
2026-10-07,"v0.1.4","Riffle_0.1.4_amd64.deb.sig",0
2026-10-07,"v0.1.4","Riffle_0.1.4_x64-setup.exe",0
2026-10-07,"v0.1.4","Riffle_0.1.4_x64-setup.exe.sig",0
2026-10-07,"v0.1.4","Riffle_0.1.4_x64.dmg",0
2026-10-07,"v0.1.4","Riffle_0.1.4_x64_en-US.msi",0
2026-10-07,"v0.1.4","Riffle_0.1.4_x64_en-US.msi.sig",0
2026-10-07,"v0.1.4","Riffle_aarch64.app.tar.gz",0
2026-10-07,"v0.1.4","Riffle_aarch64.app.tar.gz.sig",0
2026-10-07,"v0.1.4","Riffle_x64.app.tar.gz",0
2026-10-07,"v0.1.4","Riffle_x64.app.tar.gz.sig",0
2026-10-07,"v0.1.4","latest.json",4
2026-10-07,"v0.1.5","Riffle-0.1.5-1.x86_64.rpm",0
2026-10-07,"v0.1.5","Riffle-0.1.5-1.x86_64.rpm.sig",0
2026-10-07,"v0.1.5","Riffle_0.1.5_aarch64.dmg",0
2026-10-07,"v0.1.5","Riffle_0.1.5_amd64.AppImage",0
2026-10-07,"v0.1.5","Riffle_0.1.5_amd64.AppImage.sig",0
2026-10-07,"v0.1.5","Riffle_0.1.5_amd64.deb",0
2026-10-07,"v0.1.5","Riffle_0.1.5_amd64.deb.sig",0
2026-10-07,"v0.1.5","Riffle_0.1.5_x64-setup.exe",1
2026-10-07,"v0.1.5","Riffle_0.1.5_x64-setup.exe.sig",0
2026-10-07,"v0.1.5","Riffle_0.1.5_x64.dmg",0
2026-10-07,"v0.1.5","Riffle_0.1.5_x64_en-US.msi",0
2026-10-07,"v0.1.5","Riffle_0.1.5_x64_en-US.msi.sig",0
2026-10-07,"v0.1.5","Riffle_aarch64.app.tar.gz",1
2026-10-07,"v0.1.5","Riffle_aarch64.app.tar.gz.sig",0
2026-10-07,"v0.1.5","Riffle_x64.app.tar.gz",0
2026-10-07,"v0.1.5","Riffle_x64.app.tar.gz.sig",0
2026-10-07,"v0.1.5","latest.json",15
2026-10-07,"v0.1.6","Riffle-0.1.6-1.x86_64.rpm",0
2026-10-07,"v0.1.6","Riffle-0.1.6-1.x86_64.rpm.sig",0
2026-10-07,"v0.1.6","Riffle_0.1.6_aarch64.dmg",0
2026-10-07,"v0.1.6","Riffle_0.1.6_amd64.AppImage",0
2026-10-07,"v0.1.6","Riffle_0.1.6_amd64.AppImage.sig",0
2026-10-07,"v0.1.6","Riffle_0.1.6_amd64.deb",0
2026-10-07,"v0.1.6","Riffle_0.1.6_amd64.deb.sig",0
2026-10-07,"v0.1.6","Riffle_0.1.6_x64-setup.exe",0
2026-10-07,"v0.1.6","Riffle_0.1.6_x64-setup.exe.sig",0
2026-10-07,"v0.1.6","Riffle_0.1.6_x64.dmg",0
2026-10-07,"v0.1.6","Riffle_0.1.6_x64_en-US.msi",0
2026-10-07,"v0.1.6","Riffle_0.1.6_x64_en-US.msi.sig",0
2026-10-07,"v0.1.6","Riffle_aarch64.app.tar.gz",0
2026-10-07,"v0.1.6","Riffle_aarch64.app.tar.gz.sig",0
2026-10-07,"v0.1.6","Riffle_x64.app.tar.gz",0
2026-10-07,"v0.1.6","Riffle_x64.app.tar.gz.sig",0
2026-10-07,"v0.1.6","latest.json",10
2026-10-07,"v0.1.7","Riffle-0.1.7-1.x86_64.rpm",0
2026-10-07,"v0.1.7","Riffle-0.1.7-1.x86_64.rpm.sig",0
2026-10-07,"v0.1.7","Riffle_0.1.7_aarch64.dmg",0
2026-10-07,"v0.1.7","Riffle_0.1.7_amd64.AppImage",0
2026-10-07,"v0.1.7","Riffle_0.1.7_amd64.AppImage.sig",0
2026-10-07,"v0.1.7","Riffle_0.1.7_amd64.deb",0
2026-10-07,"v0.1.7","Riffle_0.1.7_amd64.deb.sig",0
2026-10-07,"v0.1.7","Riffle_0.1.7_x64-setup.exe",0
2026-10-07,"v0.1.7","Riffle_0.1.7_x64-setup.exe.sig",0
2026-10-07,"v0.1.7","Riffle_0.1.7_x64.dmg",0
2026-10-07,"v0.1.7","Riffle_0.1.7_x64_en-US.msi",0
2026-10-07,"v0.1.7","Riffle_0.1.7_x64_en-US.msi.sig",0
2026-10-07,"v0.1.7","Riffle_aarch64.app.tar.gz",0
2026-10-07,"v0.1.7","Riffle_aarch64.app.tar.gz.sig",0
2026-10-07,"v0.1.7","Riffle_x64.app.tar.gz",0
2026-10-07,"v0.1.7","Riffle_x64.app.tar.gz.sig",0
2026-10-07,"v0.1.7","latest.json",13
2026-10-07,"v0.1.8","Riffle-0.1.8-1.x86_64.rpm",0
2026-10-07,"v0.1.8","Riffle-0.1.8-1.x86_64.rpm.sig",0
2026-10-07,"v0.1.8","Riffle_0.1.8_aarch64.dmg",0
2026-10-07,"v0.1.8","Riffle_0.1.8_amd64.AppImage",0
2026-10-07,"v0.1.8","Riffle_0.1.8_amd64.AppImage.sig",0
2026-10-07,"v0.1.8","Riffle_0.1.8_amd64.deb",0
2026-10-07,"v0.1.8","Riffle_0.1.8_amd64.deb.sig",0
2026-10-07,"v0.1.8","Riffle_0.1.8_x64-setup.exe",0
2026-10-07,"v0.1.8","Riffle_0.1.8_x64-setup.exe.sig",0
2026-10-07,"v0.1.8","Riffle_0.1.8_x64.dmg",0
2026-10-07,"v0.1.8","Riffle_0.1.8_x64_en-US.msi",0
2026-10-07,"v0.1.8","Riffle_0.1.8_x64_en-US.msi.sig",0
2026-10-07,"v0.1.8","Riffle_aarch64.app.tar.gz",1
2026-10-07,"v0.1.8","Riffle_aarch64.app.tar.gz.sig",0
2026-10-07,"v0.1.8","Riffle_x64.app.tar.gz",0
2026-10-07,"v0.1.8","Riffle_x64.app.tar.gz.sig",0
2026-10-07,"v0.1.8","latest.json",19
2026-10-07,"v0.1.9","Riffle-0.1.9-1.x86_64.rpm",0
2026-10-07,"v0.1.9","Riffle-0.1.9-1.x86_64.rpm.sig",0
2026-10-07,"v0.1.9","Riffle_0.1.9_aarch64.dmg",0
2026-10-07,"v0.1.9","Riffle_0.1.9_amd64.AppImage",0
2026-10-07,"v0.1.9","Riffle_0.1.9_amd64.AppImage.sig",0
2026-10-07,"v0.1.9","Riffle_0.1.9_amd64.deb",0
2026-10-07,"v0.1.9","Riffle_0.1.9_amd64.deb.sig",0
2026-10-07,"v0.1.9","Riffle_0.1.9_x64-setup.exe",2
2026-10-07,"v0.1.9","Riffle_0.1.9_x64-setup.exe.sig",0
2026-10-07,"v0.1.9","Riffle_0.1.9_x64.dmg",0
2026-10-07,"v0.1.9","Riffle_0.1.9_x64_en-US.msi",0
2026-10-07,"v0.1.9","Riffle_0.1.9_x64_en-US.msi.sig",0
2026-10-07,"v0.1.9","Riffle_aarch64.app.tar.gz",0
2026-10-07,"v0.1.9","Riffle_aarch64.app.tar.gz.sig",0
2026-10-07,"v0.1.9","Riffle_x64.app.tar.gz",0
2026-10-07,"v0.1.9","Riffle_x64.app.tar.gz.sig",0
2026-10-07,"v0.1.9","latest.json",18
2026-10-07,"v0.2.0","Riffle-0.2.0-1.x86_64.rpm",0
2026-10-07,"v0.2.0","Riffle-0.2.0-1.x86_64.rpm.sig",0
2026-10-07,"v0.2.0","Riffle_0.2.0_aarch64.dmg",0
2026-10-07,"v0.2.0","Riffle_0.2.0_amd64.AppImage",0
2026-10-07,"v0.2.0","Riffle_0.2.0_amd64.AppImage.sig",0
2026-10-07,"v0.2.0","Riffle_0.2.0_amd64.deb",0
2026-10-07,"v0.2.0","Riffle_0.2.0_amd64.deb.sig",0
2026-10-07,"v0.2.0","Riffle_0.2.0_x64-setup.exe",1
2026-10-07,"v0.2.0","Riffle_0.2.0_x64-setup.exe.sig",0
2026-10-07,"v0.2.0","Riffle_0.2.0_x64.dmg",0
2026-10-07,"v0.2.0","Riffle_0.2.0_x64_en-US.msi",0
2026-10-07,"v0.2.0","Riffle_0.2.0_x64_en-US.msi.sig",0
2026-10-07,"v0.2.0","Riffle_aarch64.app.tar.gz",0
2026-10-07,"v0.2.0","Riffle_aarch64.app.tar.gz.sig",0
2026-10-07,"v0.2.0","Riffle_x64.app.tar.gz",0
2026-10-07,"v0.2.0","Riffle_x64.app.tar.gz.sig",0
2026-10-07,"v0.2.0","latest.json",2
2026-10-07,"v0.2.1","Riffle-0.2.1-1.x86_64.rpm",0
2026-10-07,"v0.2.1","Riffle-0.2.1-1.x86_64.rpm.sig",0
2026-10-07,"v0.2.1","Riffle_0.2.1_aarch64.dmg",0
2026-10-07,"v0.2.1","Riffle_0.2.1_amd64.AppImage",1
2026-10-07,"v0.2.1","Riffle_0.2.1_amd64.AppImage.sig",0
2026-10-07,"v0.2.1","Riffle_0.2.1_amd64.deb",0
2026-10-07,"v0.2.1","Riffle_0.2.1_amd64.deb.sig",0
2026-10-07,"v0.2.1","Riffle_0.2.1_x64-setup.exe",0
2026-10-07,"v0.2.1","Riffle_0.2.1_x64-setup.exe.sig",0
2026-10-07,"v0.2.1","Riffle_0.2.1_x64.dmg",0
2026-10-07,"v0.2.1","Riffle_0.2.1_x64_en-US.msi",0
2026-10-07,"v0.2.1","Riffle_0.2.1_x64_en-US.msi.sig",0
2026-10-07,"v0.2.1","Riffle_aarch64.app.tar.gz",0
2026-10-07,"v0.2.1","Riffle_aarch64.app.tar.gz.sig",0
2026-10-07,"v0.2.1","Riffle_x64.app.tar.gz",0
2026-10-07,"v0.2.1","Riffle_x64.app.tar.gz.sig",0
2026-10-07,"v0.2.1","latest.json",3
2026-10-07,"v0.2.2","Riffle-0.2.2-1.x86_64.rpm",0
2026-10-07,"v0.2.2","Riffle-0.2.2-1.x86_64.rpm.sig",0
2026-10-07,"v0.2.2","Riffle_0.2.2_aarch64.dmg",0
2026-10-07,"v0.2.2","Riffle_0.2.2_amd64.AppImage",0
2026-10-07,"v0.2.2","Riffle_0.2.2_amd64.AppImage.sig",0
2026-10-07,"v0.2.2","Riffle_0.2.2_amd64.deb",0
2026-10-07,"v0.2.2","Riffle_0.2.2_amd64.deb.sig",0
2026-10-07,"v0.2.2","Riffle_0.2.2_x64-setup.exe",1
2026-10-07,"v0.2.2","Riffle_0.2.2_x64-setup.exe.sig",0
2026-10-07,"v0.2.2","Riffle_0.2.2_x64.dmg",0
2026-10-07,"v0.2.2","Riffle_0.2.2_x64_en-US.msi",0
2026-10-07,"v0.2.2","Riffle_0.2.2_x64_en-US.msi.sig",0
2026-10-07,"v0.2.2","Riffle_aarch64.app.tar.gz",0
2026-10-07,"v0.2.2","Riffle_aarch64.app.tar.gz.sig",0
2026-10-07,"v0.2.2","Riffle_x64.app.tar.gz",0
2026-10-07,"v0.2.2","Riffle_x64.app.tar.gz.sig",0
2026-10-07,"v0.2.2","latest.json",1
2026-10-07,"v0.3.0","Riffle-0.3.0-1.x86_64.rpm",0
2026-10-07,"v0.3.0","Riffle-0.3.0-1.x86_64.rpm.sig",0
2026-10-07,"v0.3.0","Riffle_0.3.0_aarch64.dmg",0
2026-10-07,"v0.3.0","Riffle_0.3.0_amd64.AppImage",0
2026-10-07,"v0.3.0","Riffle_0.3.0_amd64.AppImage.sig",0
2026-10-07,"v0.3.0","Riffle_0.3.0_amd64.deb",0
2026-10-07,"v0.3.0","Riffle_0.3.0_amd64.deb.sig",0
2026-10-07,"v0.3.0","Riffle_0.3.0_x64-setup.exe",1
2026-10-07,"v0.3.0","Riffle_0.3.0_x64-setup.exe.sig",0
2026-10-07,"v0.3.0","Riffle_0.3.0_x64.dmg",0
2026-10-07,"v0.3.0","Riffle_0.3.0_x64_en-US.msi",0
2026-10-07,"v0.3.0","Riffle_0.3.0_x64_en-US.msi.sig",0
2026-10-07,"v0.3.0","Riffle_aarch64.app.tar.gz",0
2026-10-07,"v0.3.0","Riffle_aarch64.app.tar.gz.sig",0
2026-10-07,"v0.3.0","Riffle_x64.app.tar.gz",0
2026-10-07,"v0.3.0","Riffle_x64.app.tar.gz.sig",0
2026-10-07,"v0.3.0","latest.json",7
2026-10-07,"v0.3.1","Riffle-0.3.1-1.x86_64.rpm",0
2026-10-07,"v0.3.1","Riffle-0.3.1-1.x86_64.rpm.sig",0
2026-10-07,"v0.3.1","Riffle_0.3.1_aarch64.dmg",0
2026-10-07,"v0.3.1","Riffle_0.3.1_amd64.AppImage",0
2026-10-07,"v0.3.1","Riffle_0.3.1_amd64.AppImage.sig",0
2026-10-07,"v0.3.1","Riffle_0.3.1_amd64.deb",0
2026-10-07,"v0.3.1","Riffle_0.3.1_amd64.deb.sig",0
2026-10-07,"v0.3.1","Riffle_0.3.1_x64-setup.exe",2
2026-10-07,"v0.3.1","Riffle_0.3.1_x64-setup.exe.sig",0
2026-10-07,"v0.3.1","Riffle_0.3.1_x64.dmg",0
2026-10-07,"v0.3.1","Riffle_0.3.1_x64_en-US.msi",0
2026-10-07,"v0.3.1","Riffle_0.3.1_x64_en-US.msi.sig",0
2026-10-07,"v0.3.1","Riffle_aarch64.app.tar.gz",1
2026-10-07,"v0.3.1","Riffle_aarch64.app.tar.gz.sig",0
2026-10-07,"v0.3.1","Riffle_x64.app.tar.gz",0
2026-10-07,"v0.3.1","Riffle_x64.app.tar.gz.sig",0
2026-10-07,"v0.3.1","latest.json",4
2026-10-07,"v0.4.0","Riffle-0.4.0-1.x86_64.rpm",0
2026-10-07,"v0.4.0","Riffle-0.4.0-1.x86_64.rpm.sig",0
2026-10-07,"v0.4.0","Riffle_0.4.0_aarch64.dmg",0
2026-10-07,"v0.4.0","Riffle_0.4.0_amd64.AppImage",0
2026-10-07,"v0.4.0","Riffle_0.4.0_amd64.AppImage.sig",0
2026-10-07,"v0.4.0","Riffle_0.4.0_amd64.deb",0
2026-10-07,"v0.4.0","Riffle_0.4.0_amd64.deb.sig",0
2026-10-07,"v0.4.0","Riffle_0.4.0_x64-setup.exe",1
2026-10-07,"v0.4.0","Riffle_0.4.0_x64-setup.exe.sig",0
2026-10-07,"v0.4.0","Riffle_0.4.0_x64.dmg",0
2026-10-07,"v0.4.0","Riffle_0.4.0_x64_en-US.msi",0
2026-10-07,"v0.4.0","Riffle_0.4.0_x64_en-US.msi.sig",0
2026-10-07,"v0.4.0","Riffle_aarch64.app.tar.gz",0
2026-10-07,"v0.4.0","Riffle_aarch64.app.tar.gz.sig",0
2026-10-07,"v0.4.0","Riffle_x64.app.tar.gz",0
2026-10-07,"v0.4.0","Riffle_x64.app.tar.gz.sig",0
2026-10-07,"v0.4.0","latest.json",26
2026-10-07,"v1.0.0","Riffle-1.0.0-1.x86_64.rpm",0
2026-10-07,"v1.0.0","Riffle-1.0.0-1.x86_64.rpm.sig",0
2026-10-07,"v1.0.0","Riffle_1.0.0_aarch64.dmg",0
2026-10-07,"v1.0.0","Riffle_1.0.0_amd64.AppImage",0
2026-10-07,"v1.0.0","Riffle_1.0.0_amd64.AppImage.sig",0
2026-10-07,"v1.0.0","Riffle_1.0.0_amd64.deb",0
2026-10-07,"v1.0.0","Riffle_1.0.0_amd64.deb.sig",0
2026-10-07,"v1.0.0","Riffle_1.0.0_x64-setup.exe",1
2026-10-07,"v1.0.0","Riffle_1.0.0_x64-setup.exe.sig",0
2026-10-07,"v1.0.0","Riffle_1.0.0_x64.dmg",0
2026-10-07,"v1.0.0","Riffle_1.0.0_x64_en-US.msi",0
2026-10-07,"v1.0.0","Riffle_1.0.0_x64_en-US.msi.sig",0
2026-10-07,"v1.0.0","Riffle_aarch64.app.tar.gz",0
2026-10-07,"v1.0.0","Riffle_aarch64.app.tar.gz.sig",0
2026-10-07,"v1.0.0","Riffle_x64.app.tar.gz",0
2026-10-07,"v1.0.0","Riffle_x64.app.tar.gz.sig",0
2026-10-07,"v1.0.0","latest.json",7
2026-10-07,"v1.1.0","Riffle-1.1.0-1.x86_64.rpm",0
2026-10-07,"v1.1.0","Riffle-1.1.0-1.x86_64.rpm.sig",0
2026-10-07,"v1.1.0","Riffle_1.1.0_aarch64.dmg",0
2026-10-07,"v1.1.0","Riffle_1.1.0_amd64.AppImage",0
2026-10-07,"v1.1.0","Riffle_1.1.0_amd64.AppImage.sig",0
2026-10-07,"v1.1.0","Riffle_1.1.0_amd64.deb",0
2026-10-07,"v1.1.0","Riffle_1.1.0_amd64.deb.sig",0
2026-10-07,"v1.1.0","Riffle_1.1.0_x64-setup.exe",0
2026-10-07,"v1.1.0","Riffle_1.1.0_x64-setup.exe.sig",0
2026-10-07,"v1.1.0","Riffle_1.1.0_x64.dmg",0
2026-10-07,"v1.1.0","Riffle_1.1.0_x64_en-US.msi",0
2026-10-07,"v1.1.0","Riffle_1.1.0_x64_en-US.msi.sig",0
2026-10-07,"v1.1.0","Riffle_aarch64.app.tar.gz",0
2026-10-07,"v1.1.0","Riffle_aarch64.app.tar.gz.sig",0
2026-10-07,"v1.1.0","Riffle_x64.app.tar.gz",0
2026-10-07,"v1.1.0","Riffle_x64.app.tar.gz.sig",0
2026-10-07,"v1.1.0","latest.json",18
2026-10-07,"v1.2.0","Riffle-1.2.0-1.x86_64.rpm",0
2026-10-07,"v1.2.0","Riffle-1.2.0-1.x86_64.rpm.sig",0
2026-10-07,"v1.2.0","Riffle_1.2.0_aarch64.dmg",0
2026-10-07,"v1.2.0","Riffle_1.2.0_amd64.AppImage",0
2026-10-07,"v1.2.0","Riffle_1.2.0_amd64.AppImage.sig",0
2026-10-07,"v1.2.0","Riffle_1.2.0_amd64.deb",0
2026-10-07,"v1.2.0","Riffle_1.2.0_amd64.deb.sig",0
2026-10-07,"v1.2.0","Riffle_1.2.0_x64-setup.exe",0
2026-10-07,"v1.2.0","Riffle_1.2.0_x64-setup.exe.sig",0
2026-10-07,"v1.2.0","Riffle_1.2.0_x64.dmg",0
2026-10-07,"v1.2.0","Riffle_1.2.0_x64_en-US.msi",0
2026-10-07,"v1.2.0","Riffle_1.2.0_x64_en-US.msi.sig",0
2026-10-07,"v1.2.0","Riffle_aarch64.app.tar.gz",0
2026-10-07,"v1.2.0","Riffle_aarch64.app.tar.gz.sig",0
2026-10-07,"v1.2.0","Riffle_x64.app.tar.gz",0
2026-10-07,"v1.2.0","Riffle_x64.app.tar.gz.sig",0
2026-10-07,"v1.2.0","latest.json",3
2026-10-07,"v1.3.0","Riffle-1.3.0-1.x86_64.rpm",0
2026-10-07,"v1.3.0","Riffle-1.3.0-1.x86_64.rpm.sig",0
2026-10-07,"v1.3.0","Riffle_1.3.0_aarch64.dmg",0
2026-10-07,"v1.3.0","Riffle_1.3.0_amd64.AppImage",1
2026-10-07,"v1.3.0","Riffle_1.3.0_amd64.AppImage.sig",0
2026-10-07,"v1.3.0","Riffle_1.3.0_amd64.deb",0
2026-10-07,"v1.3.0","Riffle_1.3.0_amd64.deb.sig",0
2026-10-07,"v1.3.0","Riffle_1.3.0_x64-setup.exe",0
2026-10-07,"v1.3.0","Riffle_1.3.0_x64-setup.exe.sig",0
2026-10-07,"v1.3.0","Riffle_1.3.0_x64.dmg",0
2026-10-07,"v1.3.0","Riffle_1.3.0_x64_en-US.msi",0
2026-10-07,"v1.3.0","Riffle_1.3.0_x64_en-US.msi.sig",0
2026-10-07,"v1.3.0","Riffle_aarch64.app.tar.gz",0
2026-10-07,"v1.3.0","Riffle_aarch64.app.tar.gz.sig",0
2026-10-07,"v1.3.0","Riffle_x64.app.tar.gz",0
2026-10-07,"v1.3.0","Riffle_x64.app.tar.gz.sig",0
2026-10-07,"v1.3.0","latest.json",6
2026-10-07,"v1.4.0","Riffle-1.4.0-1.x86_64.rpm",0
2026-10-07,"v1.4.0","Riffle-1.4.0-1.x86_64.rpm.sig",0
2026-10-07,"v1.4.0","Riffle_1.4.0_aarch64.dmg",0
2026-10-07,"v1.4.0","Riffle_1.4.0_amd64.AppImage",0
2026-10-07,"v1.4.0","Riffle_1.4.0_amd64.AppImage.sig",0
2026-10-07,"v1.4.0","Riffle_1.4.0_amd64.deb",0
2026-10-07,"v1.4.0","Riffle_1.4.0_amd64.deb.sig",0
2026-10-07,"v1.4.0","Riffle_1.4.0_x64-setup.exe",0
2026-10-07,"v1.4.0","Riffle_1.4.0_x64-setup.exe.sig",0
2026-10-07,"v1.4.0","Riffle_1.4.0_x64.dmg",0
2026-10-07,"v1.4.0","Riffle_1.4.0_x64_en-US.msi",0
2026-10-07,"v1.4.0","Riffle_1.4.0_x64_en-US.msi.sig",0
2026-10-07,"v1.4.0","Riffle_aarch64.app.tar.gz",0
2026-10-07,"v1.4.0","Riffle_aarch64.app.tar.gz.sig",0
2026-10-07,"v1.4.0","Riffle_x64.app.tar.gz",0
2026-10-07,"v1.4.0","Riffle_x64.app.tar.gz.sig",0
2026-10-07,"v1.4.0","latest.json",14
2026-10-07,"v1.5.0","Riffle-1.5.0-1.x86_64.rpm",0
2026-10-07,"v1.5.0","Riffle-1.5.0-1.x86_64.rpm.sig",0
2026-10-07,"v1.5.0","Riffle_1.5.0_aarch64.dmg",0
2026-10-07,"v1.5.0","Riffle_1.5.0_amd64.AppImage",0
2026-10-07,"v1.5.0","Riffle_1.5.0_amd64.AppImage.sig",0
2026-10-07,"v1.5.0","Riffle_1.5.0_amd64.deb",0
2026-10-07,"v1.5.0","Riffle_1.5.0_amd64.deb.sig",0
2026-10-07,"v1.5.0","Riffle_1.5.0_x64-setup.exe",3
2026-10-07,"v1.5.0","Riffle_1.5.0_x64-setup.exe.sig",0
2026-10-07,"v1.5.0","Riffle_1.5.0_x64.dmg",0
2026-10-07,"v1.5.0","Riffle_1.5.0_x64_en-US.msi",0
2026-10-07,"v1.5.0","Riffle_1.5.0_x64_en-US.msi.sig",0
2026-10-07,"v1.5.0","Riffle_aarch64.app.tar.gz",0
2026-10-07,"v1.5.0","Riffle_aarch64.app.tar.gz.sig",0
2026-10-07,"v1.5.0","Riffle_x64.app.tar.gz",0
2026-10-07,"v1.5.0","Riffle_x64.app.tar.gz.sig",0
2026-10-07,"v1.5.0","latest.json",7
2026-10-08,"v0.1.0","Riffle-0.1.0-1.x86_64.rpm",0
2026-10-08,"v0.1.0","Riffle-0.1.0-1.x86_64.rpm.sig",0
2026-10-08,"v0.1.0","Riffle_0.1.0_aarch64.dmg",0
2026-10-08,"v0.1.0","Riffle_0.1.0_amd64.AppImage",0
2026-10-08,"v0.1.0","Riffle_0.1.0_amd64.AppImage.sig",0
2026-10-08,"v0.1.0","Riffle_0.1.0_amd64.deb",0
2026-10-08,"v0.1.0","Riffle_0.1.0_amd64.deb.sig",0
2026-10-08,"v0.1.0","Riffle_0.1.0_x64-setup.exe",0
2026-10-08,"v0.1.0","Riffle_0.1.0_x64-setup.exe.sig",0
2026-10-08,"v0.1.0","Riffle_0.1.0_x64.dmg",0
2026-10-08,"v0.1.0","Riffle_0.1.0_x64_en-US.msi",0
2026-10-08,"v0.1.0","Riffle_0.1.0_x64_en-US.msi.sig",0
2026-10-08,"v0.1.0","Riffle_aarch64.app.tar.gz",0
2026-10-08,"v0.1.0","Riffle_aarch64.app.tar.gz.sig",0
2026-10-08,"v0.1.0","Riffle_x64.app.tar.gz",0
2026-10-08,"v0.1.0","Riffle_x64.app.tar.gz.sig",0
2026-10-08,"v0.1.0","latest.json",14
2026-10-08,"v0.1.1","Riffle-0.1.1-1.x86_64.rpm",0
2026-10-08,"v0.1.1","Riffle-0.1.1-1.x86_64.rpm.sig",0
2026-10-08,"v0.1.1","Riffle_0.1.1_aarch64.dmg",1
2026-10-08,"v0.1.1","Riffle_0.1.1_amd64.AppImage",0
2026-10-08,"v0.1.1","Riffle_0.1.1_amd64.AppImage.sig",0
2026-10-08,"v0.1.1","Riffle_0.1.1_amd64.deb",0
2026-10-08,"v0.1.1","Riffle_0.1.1_amd64.deb.sig",0
2026-10-08,"v0.1.1","Riffle_0.1.1_x64-setup.exe",0
2026-10-08,"v0.1.1","Riffle_0.1.1_x64-setup.exe.sig",0
2026-10-08,"v0.1.1","Riffle_0.1.1_x64.dmg",0
2026-10-08,"v0.1.1","Riffle_0.1.1_x64_en-US.msi",0
2026-10-08,"v0.1.1","Riffle_0.1.1_x64_en-US.msi.sig",0
2026-10-08,"v0.1.1","Riffle_aarch64.app.tar.gz",0
2026-10-08,"v0.1.1","Riffle_aarch64.app.tar.gz.sig",0
2026-10-08,"v0.1.1","Riffle_x64.app.tar.gz",0
2026-10-08,"v0.1.1","Riffle_x64.app.tar.gz.sig",0
2026-10-08,"v0.1.1","latest.json",6
2026-10-08,"v0.1.10","Riffle-0.1.10-1.x86_64.rpm",0
2026-10-08,"v0.1.10","Riffle-0.1.10-1.x86_64.rpm.sig",0
2026-10-08,"v0.1.10","Riffle_0.1.10_aarch64.dmg",0
2026-10-08,"v0.1.10","Riffle_0.1.10_amd64.AppImage",0
2026-10-08,"v0.1.10","Riffle_0.1.10_amd64.AppImage.sig",0
2026-10-08,"v0.1.10","Riffle_0.1.10_amd64.deb",0
2026-10-08,"v0.1.10","Riffle_0.1.10_amd64.deb.sig",0
2026-10-08,"v0.1.10","Riffle_0.1.10_x64-setup.exe",0
2026-10-08,"v0.1.10","Riffle_0.1.10_x64-setup.exe.sig",0
2026-10-08,"v0.1.10","Riffle_0.1.10_x64.dmg",0
2026-10-08,"v0.1.10","Riffle_0.1.10_x64_en-US.msi",0
2026-10-08,"v0.1.10","Riffle_0.1.10_x64_en-US.msi.sig",0
2026-10-08,"v0.1.10","Riffle_aarch64.app.tar.gz",0
2026-10-08,"v0.1.10","Riffle_aarch64.app.tar.gz.sig",0
2026-10-08,"v0.1.10","Riffle_x64.app.tar.gz",0
2026-10-08,"v0.1.10","Riffle_x64.app.tar.gz.sig",0
2026-10-08,"v0.1.10","latest.json",5
2026-10-08,"v0.1.2","Riffle-0.1.2-1.x86_64.rpm",0
2026-10-08,"v0.1.2","Riffle-0.1.2-1.x86_64.rpm.sig",0
2026-10-08,"v0.1.2","Riffle_0.1.2_aarch64.dmg",0
2026-10-08,"v0.1.2","Riffle_0.1.2_amd64.AppImage",0
2026-10-08,"v0.1.2","Riffle_0.1.2_amd64.AppImage.sig",0
2026-10-08,"v0.1.2","Riffle_0.1.2_amd64.deb",0
2026-10-08,"v0.1.2","Riffle_0.1.2_amd64.deb.sig",0
2026-10-08,"v0.1.2","Riffle_0.1.2_x64-setup.exe",1
2026-10-08,"v0.1.2","Riffle_0.1.2_x64-setup.exe.sig",0
2026-10-08,"v0.1.2","Riffle_0.1.2_x64.dmg",0
2026-10-08,"v0.1.2","Riffle_0.1.2_x64_en-US.msi",0
2026-10-08,"v0.1.2","Riffle_0.1.2_x64_en-US.msi.sig",0
2026-10-08,"v0.1.2","Riffle_aarch64.app.tar.gz",1
2026-10-08,"v0.1.2","Riffle_aarch64.app.tar.gz.sig",0
2026-10-08,"v0.1.2","Riffle_x64.app.tar.gz",0
2026-10-08,"v0.1.2","Riffle_x64.app.tar.gz.sig",0
2026-10-08,"v0.1.2","latest.json",3
2026-10-08,"v0.1.3","Riffle-0.1.3-1.x86_64.rpm",0
2026-10-08,"v0.1.3","Riffle-0.1.3-1.x86_64.rpm.sig",0
2026-10-08,"v0.1.3","Riffle_0.1.3_aarch64.dmg",0
2026-10-08,"v0.1.3","Riffle_0.1.3_amd64.AppImage",0
2026-10-08,"v0.1.3","Riffle_0.1.3_amd64.AppImage.sig",0
2026-10-08,"v0.1.3","Riffle_0.1.3_amd64.deb",0
2026-10-08,"v0.1.3","Riffle_0.1.3_amd64.deb.sig",0
2026-10-08,"v0.1.3","Riffle_0.1.3_x64-setup.exe",1
2026-10-08,"v0.1.3","Riffle_0.1.3_x64-setup.exe.sig",0
2026-10-08,"v0.1.3","Riffle_0.1.3_x64.dmg",0
2026-10-08,"v0.1.3","Riffle_0.1.3_x64_en-US.msi",0
2026-10-08,"v0.1.3","Riffle_0.1.3_x64_en-US.msi.sig",0
2026-10-08,"v0.1.3","Riffle_aarch64.app.tar.gz",0
2026-10-08,"v0.1.3","Riffle_aarch64.app.tar.gz.sig",0
2026-10-08,"v0.1.3","Riffle_x64.app.tar.gz",0
2026-10-08,"v0.1.3","Riffle_x64.app.tar.gz.sig",0
2026-10-08,"v0.1.3","latest.json",0
2026-10-08,"v0.1.4","Riffle-0.1.4-1.x86_64.rpm",0
2026-10-08,"v0.1.4","Riffle-0.1.4-1.x86_64.rpm.sig",0
2026-10-08,"v0.1.4","Riffle_0.1.4_aarch64.dmg",0
2026-10-08,"v0.1.4","Riffle_0.1.4_amd64.AppImage",0
2026-10-08,"v0.1.4","Riffle_0.1.4_amd64.AppImage.sig",0
2026-10-08,"v0.1.4","Riffle_0.1.4_amd64.deb",0
2026-10-08,"v0.1.4","Riffle_0.1.4_amd64.deb.sig",0
2026-10-08,"v0.1.4","Riffle_0.1.4_x64-setup.exe",0
2026-10-08,"v0.1.4","Riffle_0.1.4_x64-setup.exe.sig",0
2026-10-08,"v0.1.4","Riffle_0.1.4_x64.dmg",0
2026-10-08,"v0.1.4","Riffle_0.1.4_x64_en-US.msi",0
2026-10-08,"v0.1.4","Riffle_0.1.4_x64_en-US.msi.sig",0
2026-10-08,"v0.1.4","Riffle_aarch64.app.tar.gz",0
2026-10-08,"v0.1.4","Riffle_aarch64.app.tar.gz.sig",0
2026-10-08,"v0.1.4","Riffle_x64.app.tar.gz",0
2026-10-08,"v0.1.4","Riffle_x64.app.tar.gz.sig",0
2026-10-08,"v0.1.4","latest.json",4
2026-10-08,"v0.1.5","Riffle-0.1.5-1.x86_64.rpm",0
2026-10-08,"v0.1.5","Riffle-0.1.5-1.x86_64.rpm.sig",0
2026-10-08,"v0.1.5","Riffle_0.1.5_aarch64.dmg",0
2026-10-08,"v0.1.5","Riffle_0.1.5_amd64.AppImage",0
2026-10-08,"v0.1.5","Riffle_0.1.5_amd64.AppImage.sig",0
2026-10-08,"v0.1.5","Riffle_0.1.5_amd64.deb",0
2026-10-08,"v0.1.5","Riffle_0.1.5_amd64.deb.sig",0
2026-10-08,"v0.1.5","Riffle_0.1.5_x64-setup.exe",1
2026-10-08,"v0.1.5","Riffle_0.1.5_x64-setup.exe.sig",0
2026-10-08,"v0.1.5","Riffle_0.1.5_x64.dmg",0
2026-10-08,"v0.1.5","Riffle_0.1.5_x64_en-US.msi",0
2026-10-08,"v0.1.5","Riffle_0.1.5_x64_en-US.msi.sig",0
2026-10-08,"v0.1.5","Riffle_aarch64.app.tar.gz",1
2026-10-08,"v0.1.5","Riffle_aarch64.app.tar.gz.sig",0
2026-10-08,"v0.1.5","Riffle_x64.app.tar.gz",0
2026-10-08,"v0.1.5","Riffle_x64.app.tar.gz.sig",0
2026-10-08,"v0.1.5","latest.json",15
2026-10-08,"v0.1.6","Riffle-0.1.6-1.x86_64.rpm",0
2026-10-08,"v0.1.6","Riffle-0.1.6-1.x86_64.rpm.sig",0
2026-10-08,"v0.1.6","Riffle_0.1.6_aarch64.dmg",0
2026-10-08,"v0.1.6","Riffle_0.1.6_amd64.AppImage",0
2026-10-08,"v0.1.6","Riffle_0.1.6_amd64.AppImage.sig",0
2026-10-08,"v0.1.6","Riffle_0.1.6_amd64.deb",0
2026-10-08,"v0.1.6","Riffle_0.1.6_amd64.deb.sig",0
2026-10-08,"v0.1.6","Riffle_0.1.6_x64-setup.exe",0
2026-10-08,"v0.1.6","Riffle_0.1.6_x64-setup.exe.sig",0
2026-10-08,"v0.1.6","Riffle_0.1.6_x64.dmg",0
2026-10-08,"v0.1.6","Riffle_0.1.6_x64_en-US.msi",0
2026-10-08,"v0.1.6","Riffle_0.1.6_x64_en-US.msi.sig",0
2026-10-08,"v0.1.6","Riffle_aarch64.app.tar.gz",0
2026-10-08,"v0.1.6","Riffle_aarch64.app.tar.gz.sig",0
2026-10-08,"v0.1.6","Riffle_x64.app.tar.gz",0
2026-10-08,"v0.1.6","Riffle_x64.app.tar.gz.sig",0
2026-10-08,"v0.1.6","latest.json",10
2026-10-08,"v0.1.7","Riffle-0.1.7-1.x86_64.rpm",0
2026-10-08,"v0.1.7","Riffle-0.1.7-1.x86_64.rpm.sig",0
2026-10-08,"v0.1.7","Riffle_0.1.7_aarch64.dmg",0
2026-10-08,"v0.1.7","Riffle_0.1.7_amd64.AppImage",0
2026-10-08,"v0.1.7","Riffle_0.1.7_amd64.AppImage.sig",0
2026-10-08,"v0.1.7","Riffle_0.1.7_amd64.deb",0
2026-10-08,"v0.1.7","Riffle_0.1.7_amd64.deb.sig",0
2026-10-08,"v0.1.7","Riffle_0.1.7_x64-setup.exe",0
2026-10-08,"v0.1.7","Riffle_0.1.7_x64-setup.exe.sig",0
2026-10-08,"v0.1.7","Riffle_0.1.7_x64.dmg",0
2026-10-08,"v0.1.7","Riffle_0.1.7_x64_en-US.msi",0
2026-10-08,"v0.1.7","Riffle_0.1.7_x64_en-US.msi.sig",0
2026-10-08,"v0.1.7","Riffle_aarch64.app.tar.gz",0
2026-10-08,"v0.1.7","Riffle_aarch64.app.tar.gz.sig",0
2026-10-08,"v0.1.7","Riffle_x64.app.tar.gz",0
2026-10-08,"v0.1.7","Riffle_x64.app.tar.gz.sig",0
2026-10-08,"v0.1.7","latest.json",13
2026-10-08,"v0.1.8","Riffle-0.1.8-1.x86_64.rpm",0
2026-10-08,"v0.1.8","Riffle-0.1.8-1.x86_64.rpm.sig",0
2026-10-08,"v0.1.8","Riffle_0.1.8_aarch64.dmg",0
2026-10-08,"v0.1.8","Riffle_0.1.8_amd64.AppImage",0
2026-10-08,"v0.1.8","Riffle_0.1.8_amd64.AppImage.sig",0
2026-10-08,"v0.1.8","Riffle_0.1.8_amd64.deb",0
2026-10-08,"v0.1.8","Riffle_0.1.8_amd64.deb.sig",0
2026-10-08,"v0.1.8","Riffle_0.1.8_x64-setup.exe",0
2026-10-08,"v0.1.8","Riffle_0.1.8_x64-setup.exe.sig",0
2026-10-08,"v0.1.8","Riffle_0.1.8_x64.dmg",0
2026-10-08,"v0.1.8","Riffle_0.1.8_x64_en-US.msi",0
2026-10-08,"v0.1.8","Riffle_0.1.8_x64_en-US.msi.sig",0
2026-10-08,"v0.1.8","Riffle_aarch64.app.tar.gz",1
2026-10-08,"v0.1.8","Riffle_aarch64.app.tar.gz.sig",0
2026-10-08,"v0.1.8","Riffle_x64.app.tar.gz",0
2026-10-08,"v0.1.8","Riffle_x64.app.tar.gz.sig",0
2026-10-08,"v0.1.8","latest.json",19
2026-10-08,"v0.1.9","Riffle-0.1.9-1.x86_64.rpm",0
2026-10-08,"v0.1.9","Riffle-0.1.9-1.x86_64.rpm.sig",0
2026-10-08,"v0.1.9","Riffle_0.1.9_aarch64.dmg",0
2026-10-08,"v0.1.9","Riffle_0.1.9_amd64.AppImage",0
2026-10-08,"v0.1.9","Riffle_0.1.9_amd64.AppImage.sig",0
2026-10-08,"v0.1.9","Riffle_0.1.9_amd64.deb",0
2026-10-08,"v0.1.9","Riffle_0.1.9_amd64.deb.sig",0
2026-10-08,"v0.1.9","Riffle_0.1.9_x64-setup.exe",2
2026-10-08,"v0.1.9","Riffle_0.1.9_x64-setup.exe.sig",0
2026-10-08,"v0.1.9","Riffle_0.1.9_x64.dmg",0
2026-10-08,"v0.1.9","Riffle_0.1.9_x64_en-US.msi",0
2026-10-08,"v0.1.9","Riffle_0.1.9_x64_en-US.msi.sig",0
2026-10-08,"v0.1.9","Riffle_aarch64.app.tar.gz",0
2026-10-08,"v0.1.9","Riffle_aarch64.app.tar.gz.sig",0
2026-10-08,"v0.1.9","Riffle_x64.app.tar.gz",0
2026-10-08,"v0.1.9","Riffle_x64.app.tar.gz.sig",0
2026-10-08,"v0.1.9","latest.json",18
2026-10-08,"v0.2.0","Riffle-0.2.0-1.x86_64.rpm",0
2026-10-08,"v0.2.0","Riffle-0.2.0-1.x86_64.rpm.sig",0
2026-10-08,"v0.2.0","Riffle_0.2.0_aarch64.dmg",0
2026-10-08,"v0.2.0","Riffle_0.2.0_amd64.AppImage",0
2026-10-08,"v0.2.0","Riffle_0.2.0_amd64.AppImage.sig",0
2026-10-08,"v0.2.0","Riffle_0.2.0_amd64.deb",0
2026-10-08,"v0.2.0","Riffle_0.2.0_amd64.deb.sig",0
2026-10-08,"v0.2.0","Riffle_0.2.0_x64-setup.exe",1
2026-10-08,"v0.2.0","Riffle_0.2.0_x64-setup.exe.sig",0
2026-10-08,"v0.2.0","Riffle_0.2.0_x64.dmg",0
2026-10-08,"v0.2.0","Riffle_0.2.0_x64_en-US.msi",0
2026-10-08,"v0.2.0","Riffle_0.2.0_x64_en-US.msi.sig",0
2026-10-08,"v0.2.0","Riffle_aarch64.app.tar.gz",0
2026-10-08,"v0.2.0","Riffle_aarch64.app.tar.gz.sig",0
2026-10-08,"v0.2.0","Riffle_x64.app.tar.gz",0
2026-10-08,"v0.2.0","Riffle_x64.app.tar.gz.sig",0
2026-10-08,"v0.2.0","latest.json",2
2026-10-08,"v0.2.1","Riffle-0.2.1-1.x86_64.rpm",0
2026-10-08,"v0.2.1","Riffle-0.2.1-1.x86_64.rpm.sig",0
2026-10-08,"v0.2.1","Riffle_0.2.1_aarch64.dmg",0
2026-10-08,"v0.2.1","Riffle_0.2.1_amd64.AppImage",1
2026-10-08,"v0.2.1","Riffle_0.2.1_amd64.AppImage.sig",0
2026-10-08,"v0.2.1","Riffle_0.2.1_amd64.deb",0
2026-10-08,"v0.2.1","Riffle_0.2.1_amd64.deb.sig",0
2026-10-08,"v0.2.1","Riffle_0.2.1_x64-setup.exe",0
2026-10-08,"v0.2.1","Riffle_0.2.1_x64-setup.exe.sig",0
2026-10-08,"v0.2.1","Riffle_0.2.1_x64.dmg",0
2026-10-08,"v0.2.1","Riffle_0.2.1_x64_en-US.msi",0
2026-10-08,"v0.2.1","Riffle_0.2.1_x64_en-US.msi.sig",0
2026-10-08,"v0.2.1","Riffle_aarch64.app.tar.gz",0
2026-10-08,"v0.2.1","Riffle_aarch64.app.tar.gz.sig",0
2026-10-08,"v0.2.1","Riffle_x64.app.tar.gz",0
2026-10-08,"v0.2.1","Riffle_x64.app.tar.gz.sig",0
2026-10-08,"v0.2.1","latest.json",3
2026-10-08,"v0.2.2","Riffle-0.2.2-1.x86_64.rpm",0
2026-10-08,"v0.2.2","Riffle-0.2.2-1.x86_64.rpm.sig",0
2026-10-08,"v0.2.2","Riffle_0.2.2_aarch64.dmg",0
2026-10-08,"v0.2.2","Riffle_0.2.2_amd64.AppImage",0
2026-10-08,"v0.2.2","Riffle_0.2.2_amd64.AppImage.sig",0
2026-10-08,"v0.2.2","Riffle_0.2.2_amd64.deb",0
2026-10-08,"v0.2.2","Riffle_0.2.2_amd64.deb.sig",0
2026-10-08,"v0.2.2","Riffle_0.2.2_x64-setup.exe",1
2026-10-08,"v0.2.2","Riffle_0.2.2_x64-setup.exe.sig",0
2026-10-08,"v0.2.2","Riffle_0.2.2_x64.dmg",0
2026-10-08,"v0.2.2","Riffle_0.2.2_x64_en-US.msi",0
2026-10-08,"v0.2.2","Riffle_0.2.2_x64_en-US.msi.sig",0
2026-10-08,"v0.2.2","Riffle_aarch64.app.tar.gz",0
2026-10-08,"v0.2.2","Riffle_aarch64.app.tar.gz.sig",0
2026-10-08,"v0.2.2","Riffle_x64.app.tar.gz",0
2026-10-08,"v0.2.2","Riffle_x64.app.tar.gz.sig",0
2026-10-08,"v0.2.2","latest.json",1
2026-10-08,"v0.3.0","Riffle-0.3.0-1.x86_64.rpm",0
2026-10-08,"v0.3.0","Riffle-0.3.0-1.x86_64.rpm.sig",0
2026-10-08,"v0.3.0","Riffle_0.3.0_aarch64.dmg",0
2026-10-08,"v0.3.0","Riffle_0.3.0_amd64.AppImage",0
2026-10-08,"v0.3.0","Riffle_0.3.0_amd64.AppImage.sig",0
2026-10-08,"v0.3.0","Riffle_0.3.0_amd64.deb",0
2026-10-08,"v0.3.0","Riffle_0.3.0_amd64.deb.sig",0
2026-10-08,"v0.3.0","Riffle_0.3.0_x64-setup.exe",1
2026-10-08,"v0.3.0","Riffle_0.3.0_x64-setup.exe.sig",0
2026-10-08,"v0.3.0","Riffle_0.3.0_x64.dmg",0
2026-10-08,"v0.3.0","Riffle_0.3.0_x64_en-US.msi",0
2026-10-08,"v0.3.0","Riffle_0.3.0_x64_en-US.msi.sig",0
2026-10-08,"v0.3.0","Riffle_aarch64.app.tar.gz",0
2026-10-08,"v0.3.0","Riffle_aarch64.app.tar.gz.sig",0
2026-10-08,"v0.3.0","Riffle_x64.app.tar.gz",0
2026-10-08,"v0.3.0","Riffle_x64.app.tar.gz.sig",0
2026-10-08,"v0.3.0","latest.json",7
2026-10-08,"v0.3.1","Riffle-0.3.1-1.x86_64.rpm",0
2026-10-08,"v0.3.1","Riffle-0.3.1-1.x86_64.rpm.sig",0
2026-10-08,"v0.3.1","Riffle_0.3.1_aarch64.dmg",0
2026-10-08,"v0.3.1","Riffle_0.3.1_amd64.AppImage",0
2026-10-08,"v0.3.1","Riffle_0.3.1_amd64.AppImage.sig",0
2026-10-08,"v0.3.1","Riffle_0.3.1_amd64.deb",0
2026-10-08,"v0.3.1","Riffle_0.3.1_amd64.deb.sig",0
2026-10-08,"v0.3.1","Riffle_0.3.1_x64-setup.exe",2
2026-10-08,"v0.3.1","Riffle_0.3.1_x64-setup.exe.sig",0
2026-10-08,"v0.3.1","Riffle_0.3.1_x64.dmg",0
2026-10-08,"v0.3.1","Riffle_0.3.1_x64_en-US.msi",0
2026-10-08,"v0.3.1","Riffle_0.3.1_x64_en-US.msi.sig",0
2026-10-08,"v0.3.1","Riffle_aarch64.app.tar.gz",1
2026-10-08,"v0.3.1","Riffle_aarch64.app.tar.gz.sig",0
2026-10-08,"v0.3.1","Riffle_x64.app.tar.gz",0
2026-10-08,"v0.3.1","Riffle_x64.app.tar.gz.sig",0
2026-10-08,"v0.3.1","latest.json",4
2026-10-08,"v0.4.0","Riffle-0.4.0-1.x86_64.rpm",0
2026-10-08,"v0.4.0","Riffle-0.4.0-1.x86_64.rpm.sig",0
2026-10-08,"v0.4.0","Riffle_0.4.0_aarch64.dmg",0
2026-10-08,"v0.4.0","Riffle_0.4.0_amd64.AppImage",0
2026-10-08,"v0.4.0","Riffle_0.4.0_amd64.AppImage.sig",0
2026-10-08,"v0.4.0","Riffle_0.4.0_amd64.deb",0
2026-10-08,"v0.4.0","Riffle_0.4.0_amd64.deb.sig",0
2026-10-08,"v0.4.0","Riffle_0.4.0_x64-setup.exe",1
2026-10-08,"v0.4.0","Riffle_0.4.0_x64-setup.exe.sig",0
2026-10-08,"v0.4.0","Riffle_0.4.0_x64.dmg",0
2026-10-08,"v0.4.0","Riffle_0.4.0_x64_en-US.msi",0
2026-10-08,"v0.4.0","Riffle_0.4.0_x64_en-US.msi.sig",0
2026-10-08,"v0.4.0","Riffle_aarch64.app.tar.gz",0
2026-10-08,"v0.4.0","Riffle_aarch64.app.tar.gz.sig",0
2026-10-08,"v0.4.0","Riffle_x64.app.tar.gz",0
2026-10-08,"v0.4.0","Riffle_x64.app.tar.gz.sig",0
2026-10-08,"v0.4.0","latest.json",26
2026-10-08,"v1.0.0","Riffle-1.0.0-1.x86_64.rpm",0
2026-10-08,"v1.0.0","Riffle-1.0.0-1.x86_64.rpm.sig",0
2026-10-08,"v1.0.0","Riffle_1.0.0_aarch64.dmg",0
2026-10-08,"v1.0.0","Riffle_1.0.0_amd64.AppImage",0
2026-10-08,"v1.0.0","Riffle_1.0.0_amd64.AppImage.sig",0
2026-10-08,"v1.0.0","Riffle_1.0.0_amd64.deb",0
2026-10-08,"v1.0.0","Riffle_1.0.0_amd64.deb.sig",0
2026-10-08,"v1.0.0","Riffle_1.0.0_x64-setup.exe",1
2026-10-08,"v1.0.0","Riffle_1.0.0_x64-setup.exe.sig",0
2026-10-08,"v1.0.0","Riffle_1.0.0_x64.dmg",0
2026-10-08,"v1.0.0","Riffle_1.0.0_x64_en-US.msi",0
2026-10-08,"v1.0.0","Riffle_1.0.0_x64_en-US.msi.sig",0
2026-10-08,"v1.0.0","Riffle_aarch64.app.tar.gz",0
2026-10-08,"v1.0.0","Riffle_aarch64.app.tar.gz.sig",0
2026-10-08,"v1.0.0","Riffle_x64.app.tar.gz",0
2026-10-08,"v1.0.0","Riffle_x64.app.tar.gz.sig",0
2026-10-08,"v1.0.0","latest.json",7
2026-10-08,"v1.1.0","Riffle-1.1.0-1.x86_64.rpm",0
2026-10-08,"v1.1.0","Riffle-1.1.0-1.x86_64.rpm.sig",0
2026-10-08,"v1.1.0","Riffle_1.1.0_aarch64.dmg",0
2026-10-08,"v1.1.0","Riffle_1.1.0_amd64.AppImage",0
2026-10-08,"v1.1.0","Riffle_1.1.0_amd64.AppImage.sig",0
2026-10-08,"v1.1.0","Riffle_1.1.0_amd64.deb",0
2026-10-08,"v1.1.0","Riffle_1.1.0_amd64.deb.sig",0
2026-10-08,"v1.1.0","Riffle_1.1.0_x64-setup.exe",0
2026-10-08,"v1.1.0","Riffle_1.1.0_x64-setup.exe.sig",0
2026-10-08,"v1.1.0","Riffle_1.1.0_x64.dmg",0
2026-10-08,"v1.1.0","Riffle_1.1.0_x64_en-US.msi",0
2026-10-08,"v1.1.0","Riffle_1.1.0_x64_en-US.msi.sig",0
2026-10-08,"v1.1.0","Riffle_aarch64.app.tar.gz",0
2026-10-08,"v1.1.0","Riffle_aarch64.app.tar.gz.sig",0
2026-10-08,"v1.1.0","Riffle_x64.app.tar.gz",0
2026-10-08,"v1.1.0","Riffle_x64.app.tar.gz.sig",0
2026-10-08,"v1.1.0","latest.json",18
2026-10-08,"v1.2.0","Riffle-1.2.0-1.x86_64.rpm",0
2026-10-08,"v1.2.0","Riffle-1.2.0-1.x86_64.rpm.sig",0
2026-10-08,"v1.2.0","Riffle_1.2.0_aarch64.dmg",0
2026-10-08,"v1.2.0","Riffle_1.2.0_amd64.AppImage",0
2026-10-08,"v1.2.0","Riffle_1.2.0_amd64.AppImage.sig",0
2026-10-08,"v1.2.0","Riffle_1.2.0_amd64.deb",0
2026-10-08,"v1.2.0","Riffle_1.2.0_amd64.deb.sig",0
2026-10-08,"v1.2.0","Riffle_1.2.0_x64-setup.exe",0
2026-10-08,"v1.2.0","Riffle_1.2.0_x64-setup.exe.sig",0
2026-10-08,"v1.2.0","Riffle_1.2.0_x64.dmg",0
2026-10-08,"v1.2.0","Riffle_1.2.0_x64_en-US.msi",0
2026-10-08,"v1.2.0","Riffle_1.2.0_x64_en-US.msi.sig",0
2026-10-08,"v1.2.0","Riffle_aarch64.app.tar.gz",0
2026-10-08,"v1.2.0","Riffle_aarch64.app.tar.gz.sig",0
2026-10-08,"v1.2.0","Riffle_x64.app.tar.gz",0
2026-10-08,"v1.2.0","Riffle_x64.app.tar.gz.sig",0
2026-10-08,"v1.2.0","latest.json",3
2026-10-08,"v1.3.0","Riffle-1.3.0-1.x86_64.rpm",0
2026-10-08,"v1.3.0","Riffle-1.3.0-1.x86_64.rpm.sig",0
2026-10-08,"v1.3.0","Riffle_1.3.0_aarch64.dmg",0
2026-10-08,"v1.3.0","Riffle_1.3.0_amd64.AppImage",1
2026-10-08,"v1.3.0","Riffle_1.3.0_amd64.AppImage.sig",0
2026-10-08,"v1.3.0","Riffle_1.3.0_amd64.deb",0
2026-10-08,"v1.3.0","Riffle_1.3.0_amd64.deb.sig",0
2026-10-08,"v1.3.0","Riffle_1.3.0_x64-setup.exe",0
2026-10-08,"v1.3.0","Riffle_1.3.0_x64-setup.exe.sig",0
2026-10-08,"v1.3.0","Riffle_1.3.0_x64.dmg",0
2026-10-08,"v1.3.0","Riffle_1.3.0_x64_en-US.msi",0
2026-10-08,"v1.3.0","Riffle_1.3.0_x64_en-US.msi.sig",0
2026-10-08,"v1.3.0","Riffle_aarch64.app.tar.gz",0
2026-10-08,"v1.3.0","Riffle_aarch64.app.tar.gz.sig",0
2026-10-08,"v1.3.0","Riffle_x64.app.tar.gz",0
2026-10-08,"v1.3.0","Riffle_x64.app.tar.gz.sig",0
2026-10-08,"v1.3.0","latest.json",6
2026-10-08,"v1.4.0","Riffle-1.4.0-1.x86_64.rpm",0
2026-10-08,"v1.4.0","Riffle-1.4.0-1.x86_64.rpm.sig",0
2026-10-08,"v1.4.0","Riffle_1.4.0_aarch64.dmg",0
2026-10-08,"v1.4.0","Riffle_1.4.0_amd64.AppImage",0
2026-10-08,"v1.4.0","Riffle_1.4.0_amd64.AppImage.sig",0
2026-10-08,"v1.4.0","Riffle_1.4.0_amd64.deb",0
2026-10-08,"v1.4.0","Riffle_1.4.0_amd64.deb.sig",0
2026-10-08,"v1.4.0","Riffle_1.4.0_x64-setup.exe",0
2026-10-08,"v1.4.0","Riffle_1.4.0_x64-setup.exe.sig",0
2026-10-08,"v1.4.0","Riffle_1.4.0_x64.dmg",0
2026-10-08,"v1.4.0","Riffle_1.4.0_x64_en-US.msi",0
2026-10-08,"v1.4.0","Riffle_1.4.0_x64_en-US.msi.sig",0
2026-10-08,"v1.4.0","Riffle_aarch64.app.tar.gz",0
2026-10-08,"v1.4.0","Riffle_aarch64.app.tar.gz.sig",0
2026-10-08,"v1.4.0","Riffle_x64.app.tar.gz",0
2026-10-08,"v1.4.0","Riffle_x64.app.tar.gz.sig",0
2026-10-08,"v1.4.0","latest.json",14
2026-10-08,"v1.5.0","Riffle-1.5.0-1.x86_64.rpm",0
2026-10-08,"v1.5.0","Riffle-1.5.0-1.x86_64.rpm.sig",0
2026-10-08,"v1.5.0","Riffle_1.5.0_aarch64.dmg",1
2026-10-08,"v1.5.0","Riffle_1.5.0_amd64.AppImage",0
2026-10-08,"v1.5.0","Riffle_1.5.0_amd64.AppImage.sig",0
2026-10-08,"v1.5.0","Riffle_1.5.0_amd64.deb",0
2026-10-08,"v1.5.0","Riffle_1.5.0_amd64.deb.sig",0
2026-10-08,"v1.5.0","Riffle_1.5.0_x64-setup.exe",5
2026-10-08,"v1.5.0","Riffle_1.5.0_x64-setup.exe.sig",0
2026-10-08,"v1.5.0","Riffle_1.5.0_x64.dmg",0
2026-10-08,"v1.5.0","Riffle_1.5.0_x64_en-US.msi",0
2026-10-08,"v1.5.0","Riffle_1.5.0_x64_en-US.msi.sig",0
2026-10-08,"v1.5.0","Riffle_aarch64.app.tar.gz",0
2026-10-08,"v1.5.0","Riffle_aarch64.app.tar.gz.sig",0
2026-10-08,"v1.5.0","Riffle_x64.app.tar.gz",0
2026-10-08,"v1.5.0","Riffle_x64.app.tar.gz.sig",0
2026-10-08,"v1.5.0","latest.json",41
2026-10-09,"v0.1.0","Riffle-0.1.0-1.x86_64.rpm",0
2026-10-09,"v0.1.0","Riffle-0.1.0-1.x86_64.rpm.sig",0
2026-10-09,"v0.1.0","Riffle_0.1.0_aarch64.dmg",0
2026-10-09,"v0.1.0","Riffle_0.1.0_amd64.AppImage",0
2026-10-09,"v0.1.0","Riffle_0.1.0_amd64.AppImage.sig",0
2026-10-09,"v0.1.0","Riffle_0.1.0_amd64.deb",0
2026-10-09,"v0.1.0","Riffle_0.1.0_amd64.deb.sig",0
2026-10-09,"v0.1.0","Riffle_0.1.0_x64-setup.exe",0
2026-10-09,"v0.1.0","Riffle_0.1.0_x64-setup.exe.sig",0
2026-10-09,"v0.1.0","Riffle_0.1.0_x64.dmg",0
2026-10-09,"v0.1.0","Riffle_0.1.0_x64_en-US.msi",0
2026-10-09,"v0.1.0","Riffle_0.1.0_x64_en-US.msi.sig",0
2026-10-09,"v0.1.0","Riffle_aarch64.app.tar.gz",0
2026-10-09,"v0.1.0","Riffle_aarch64.app.tar.gz.sig",0
2026-10-09,"v0.1.0","Riffle_x64.app.tar.gz",0
2026-10-09,"v0.1.0","Riffle_x64.app.tar.gz.sig",0
2026-10-09,"v0.1.0","latest.json",14
2026-10-09,"v0.1.1","Riffle-0.1.1-1.x86_64.rpm",0
2026-10-09,"v0.1.1","Riffle-0.1.1-1.x86_64.rpm.sig",0
2026-10-09,"v0.1.1","Riffle_0.1.1_aarch64.dmg",1
2026-10-09,"v0.1.1","Riffle_0.1.1_amd64.AppImage",0
2026-10-09,"v0.1.1","Riffle_0.1.1_amd64.AppImage.sig",0
2026-10-09,"v0.1.1","Riffle_0.1.1_amd64.deb",0
2026-10-09,"v0.1.1","Riffle_0.1.1_amd64.deb.sig",0
2026-10-09,"v0.1.1","Riffle_0.1.1_x64-setup.exe",0
2026-10-09,"v0.1.1","Riffle_0.1.1_x64-setup.exe.sig",0
2026-10-09,"v0.1.1","Riffle_0.1.1_x64.dmg",0
2026-10-09,"v0.1.1","Riffle_0.1.1_x64_en-US.msi",0
2026-10-09,"v0.1.1","Riffle_0.1.1_x64_en-US.msi.sig",0
2026-10-09,"v0.1.1","Riffle_aarch64.app.tar.gz",0
2026-10-09,"v0.1.1","Riffle_aarch64.app.tar.gz.sig",0
2026-10-09,"v0.1.1","Riffle_x64.app.tar.gz",0
2026-10-09,"v0.1.1","Riffle_x64.app.tar.gz.sig",0
2026-10-09,"v0.1.1","latest.json",6
2026-10-09,"v0.1.10","Riffle-0.1.10-1.x86_64.rpm",0
2026-10-09,"v0.1.10","Riffle-0.1.10-1.x86_64.rpm.sig",0
2026-10-09,"v0.1.10","Riffle_0.1.10_aarch64.dmg",0
2026-10-09,"v0.1.10","Riffle_0.1.10_amd64.AppImage",0
2026-10-09,"v0.1.10","Riffle_0.1.10_amd64.AppImage.sig",0
2026-10-09,"v0.1.10","Riffle_0.1.10_amd64.deb",0
2026-10-09,"v0.1.10","Riffle_0.1.10_amd64.deb.sig",0
2026-10-09,"v0.1.10","Riffle_0.1.10_x64-setup.exe",0
2026-10-09,"v0.1.10","Riffle_0.1.10_x64-setup.exe.sig",0
2026-10-09,"v0.1.10","Riffle_0.1.10_x64.dmg",0
2026-10-09,"v0.1.10","Riffle_0.1.10_x64_en-US.msi",0
2026-10-09,"v0.1.10","Riffle_0.1.10_x64_en-US.msi.sig",0
2026-10-09,"v0.1.10","Riffle_aarch64.app.tar.gz",0
2026-10-09,"v0.1.10","Riffle_aarch64.app.tar.gz.sig",0
2026-10-09,"v0.1.10","Riffle_x64.app.tar.gz",0
2026-10-09,"v0.1.10","Riffle_x64.app.tar.gz.sig",0
2026-10-09,"v0.1.10","latest.json",5
2026-10-09,"v0.1.2","Riffle-0.1.2-1.x86_64.rpm",0
2026-10-09,"v0.1.2","Riffle-0.1.2-1.x86_64.rpm.sig",0
2026-10-09,"v0.1.2","Riffle_0.1.2_aarch64.dmg",0
2026-10-09,"v0.1.2","Riffle_0.1.2_amd64.AppImage",0
2026-10-09,"v0.1.2","Riffle_0.1.2_amd64.AppImage.sig",0
2026-10-09,"v0.1.2","Riffle_0.1.2_amd64.deb",0
2026-10-09,"v0.1.2","Riffle_0.1.2_amd64.deb.sig",0
2026-10-09,"v0.1.2","Riffle_0.1.2_x64-setup.exe",1
2026-10-09,"v0.1.2","Riffle_0.1.2_x64-setup.exe.sig",0
2026-10-09,"v0.1.2","Riffle_0.1.2_x64.dmg",0
2026-10-09,"v0.1.2","Riffle_0.1.2_x64_en-US.msi",0
2026-10-09,"v0.1.2","Riffle_0.1.2_x64_en-US.msi.sig",0
2026-10-09,"v0.1.2","Riffle_aarch64.app.tar.gz",1
2026-10-09,"v0.1.2","Riffle_aarch64.app.tar.gz.sig",0
2026-10-09,"v0.1.2","Riffle_x64.app.tar.gz",0
2026-10-09,"v0.1.2","Riffle_x64.app.tar.gz.sig",0
2026-10-09,"v0.1.2","latest.json",3
2026-10-09,"v0.1.3","Riffle-0.1.3-1.x86_64.rpm",0
2026-10-09,"v0.1.3","Riffle-0.1.3-1.x86_64.rpm.sig",0
2026-10-09,"v0.1.3","Riffle_0.1.3_aarch64.dmg",0
2026-10-09,"v0.1.3","Riffle_0.1.3_amd64.AppImage",0
2026-10-09,"v0.1.3","Riffle_0.1.3_amd64.AppImage.sig",0
2026-10-09,"v0.1.3","Riffle_0.1.3_amd64.deb",0
2026-10-09,"v0.1.3","Riffle_0.1.3_amd64.deb.sig",0
2026-10-09,"v0.1.3","Riffle_0.1.3_x64-setup.exe",1
2026-10-09,"v0.1.3","Riffle_0.1.3_x64-setup.exe.sig",0
2026-10-09,"v0.1.3","Riffle_0.1.3_x64.dmg",0
2026-10-09,"v0.1.3","Riffle_0.1.3_x64_en-US.msi",0
2026-10-09,"v0.1.3","Riffle_0.1.3_x64_en-US.msi.sig",0
2026-10-09,"v0.1.3","Riffle_aarch64.app.tar.gz",0
2026-10-09,"v0.1.3","Riffle_aarch64.app.tar.gz.sig",0
2026-10-09,"v0.1.3","Riffle_x64.app.tar.gz",0
2026-10-09,"v0.1.3","Riffle_x64.app.tar.gz.sig",0
2026-10-09,"v0.1.3","latest.json",0
2026-10-09,"v0.1.4","Riffle-0.1.4-1.x86_64.rpm",0
2026-10-09,"v0.1.4","Riffle-0.1.4-1.x86_64.rpm.sig",0
2026-10-09,"v0.1.4","Riffle_0.1.4_aarch64.dmg",0
2026-10-09,"v0.1.4","Riffle_0.1.4_amd64.AppImage",0
2026-10-09,"v0.1.4","Riffle_0.1.4_amd64.AppImage.sig",0
2026-10-09,"v0.1.4","Riffle_0.1.4_amd64.deb",0
2026-10-09,"v0.1.4","Riffle_0.1.4_amd64.deb.sig",0
2026-10-09,"v0.1.4","Riffle_0.1.4_x64-setup.exe",0
2026-10-09,"v0.1.4","Riffle_0.1.4_x64-setup.exe.sig",0
2026-10-09,"v0.1.4","Riffle_0.1.4_x64.dmg",0
2026-10-09,"v0.1.4","Riffle_0.1.4_x64_en-US.msi",0
2026-10-09,"v0.1.4","Riffle_0.1.4_x64_en-US.msi.sig",0
2026-10-09,"v0.1.4","Riffle_aarch64.app.tar.gz",0
2026-10-09,"v0.1.4","Riffle_aarch64.app.tar.gz.sig",0
2026-10-09,"v0.1.4","Riffle_x64.app.tar.gz",0
2026-10-09,"v0.1.4","Riffle_x64.app.tar.gz.sig",0
2026-10-09,"v0.1.4","latest.json",4
2026-10-09,"v0.1.5","Riffle-0.1.5-1.x86_64.rpm",0
2026-10-09,"v0.1.5","Riffle-0.1.5-1.x86_64.rpm.sig",0
2026-10-09,"v0.1.5","Riffle_0.1.5_aarch64.dmg",0
2026-10-09,"v0.1.5","Riffle_0.1.5_amd64.AppImage",0
2026-10-09,"v0.1.5","Riffle_0.1.5_amd64.AppImage.sig",0
2026-10-09,"v0.1.5","Riffle_0.1.5_amd64.deb",0
2026-10-09,"v0.1.5","Riffle_0.1.5_amd64.deb.sig",0
2026-10-09,"v0.1.5","Riffle_0.1.5_x64-setup.exe",1
2026-10-09,"v0.1.5","Riffle_0.1.5_x64-setup.exe.sig",0
2026-10-09,"v0.1.5","Riffle_0.1.5_x64.dmg",0
2026-10-09,"v0.1.5","Riffle_0.1.5_x64_en-US.msi",0
2026-10-09,"v0.1.5","Riffle_0.1.5_x64_en-US.msi.sig",0
2026-10-09,"v0.1.5","Riffle_aarch64.app.tar.gz",1
2026-10-09,"v0.1.5","Riffle_aarch64.app.tar.gz.sig",0
2026-10-09,"v0.1.5","Riffle_x64.app.tar.gz",0
2026-10-09,"v0.1.5","Riffle_x64.app.tar.gz.sig",0
2026-10-09,"v0.1.5","latest.json",15
2026-10-09,"v0.1.6","Riffle-0.1.6-1.x86_64.rpm",0
2026-10-09,"v0.1.6","Riffle-0.1.6-1.x86_64.rpm.sig",0
2026-10-09,"v0.1.6","Riffle_0.1.6_aarch64.dmg",0
2026-10-09,"v0.1.6","Riffle_0.1.6_amd64.AppImage",0
2026-10-09,"v0.1.6","Riffle_0.1.6_amd64.AppImage.sig",0
2026-10-09,"v0.1.6","Riffle_0.1.6_amd64.deb",0
2026-10-09,"v0.1.6","Riffle_0.1.6_amd64.deb.sig",0
2026-10-09,"v0.1.6","Riffle_0.1.6_x64-setup.exe",0
2026-10-09,"v0.1.6","Riffle_0.1.6_x64-setup.exe.sig",0
2026-10-09,"v0.1.6","Riffle_0.1.6_x64.dmg",0
2026-10-09,"v0.1.6","Riffle_0.1.6_x64_en-US.msi",0
2026-10-09,"v0.1.6","Riffle_0.1.6_x64_en-US.msi.sig",0
2026-10-09,"v0.1.6","Riffle_aarch64.app.tar.gz",0
2026-10-09,"v0.1.6","Riffle_aarch64.app.tar.gz.sig",0
2026-10-09,"v0.1.6","Riffle_x64.app.tar.gz",0
2026-10-09,"v0.1.6","Riffle_x64.app.tar.gz.sig",0
2026-10-09,"v0.1.6","latest.json",10
2026-10-09,"v0.1.7","Riffle-0.1.7-1.x86_64.rpm",0
2026-10-09,"v0.1.7","Riffle-0.1.7-1.x86_64.rpm.sig",0
2026-10-09,"v0.1.7","Riffle_0.1.7_aarch64.dmg",0
2026-10-09,"v0.1.7","Riffle_0.1.7_amd64.AppImage",0
2026-10-09,"v0.1.7","Riffle_0.1.7_amd64.AppImage.sig",0
2026-10-09,"v0.1.7","Riffle_0.1.7_amd64.deb",0
2026-10-09,"v0.1.7","Riffle_0.1.7_amd64.deb.sig",0
2026-10-09,"v0.1.7","Riffle_0.1.7_x64-setup.exe",0
2026-10-09,"v0.1.7","Riffle_0.1.7_x64-setup.exe.sig",0
2026-10-09,"v0.1.7","Riffle_0.1.7_x64.dmg",0
2026-10-09,"v0.1.7","Riffle_0.1.7_x64_en-US.msi",0
2026-10-09,"v0.1.7","Riffle_0.1.7_x64_en-US.msi.sig",0
2026-10-09,"v0.1.7","Riffle_aarch64.app.tar.gz",0
2026-10-09,"v0.1.7","Riffle_aarch64.app.tar.gz.sig",0
2026-10-09,"v0.1.7","Riffle_x64.app.tar.gz",0
2026-10-09,"v0.1.7","Riffle_x64.app.tar.gz.sig",0
2026-10-09,"v0.1.7","latest.json",13
2026-10-09,"v0.1.8","Riffle-0.1.8-1.x86_64.rpm",0
2026-10-09,"v0.1.8","Riffle-0.1.8-1.x86_64.rpm.sig",0
2026-10-09,"v0.1.8","Riffle_0.1.8_aarch64.dmg",0
2026-10-09,"v0.1.8","Riffle_0.1.8_amd64.AppImage",0
2026-10-09,"v0.1.8","Riffle_0.1.8_amd64.AppImage.sig",0
2026-10-09,"v0.1.8","Riffle_0.1.8_amd64.deb",0
2026-10-09,"v0.1.8","Riffle_0.1.8_amd64.deb.sig",0
2026-10-09,"v0.1.8","Riffle_0.1.8_x64-setup.exe",0
2026-10-09,"v0.1.8","Riffle_0.1.8_x64-setup.exe.sig",0
2026-10-09,"v0.1.8","Riffle_0.1.8_x64.dmg",0
2026-10-09,"v0.1.8","Riffle_0.1.8_x64_en-US.msi",0
2026-10-09,"v0.1.8","Riffle_0.1.8_x64_en-US.msi.sig",0
2026-10-09,"v0.1.8","Riffle_aarch64.app.tar.gz",1
2026-10-09,"v0.1.8","Riffle_aarch64.app.tar.gz.sig",0
2026-10-09,"v0.1.8","Riffle_x64.app.tar.gz",0
2026-10-09,"v0.1.8","Riffle_x64.app.tar.gz.sig",0
2026-10-09,"v0.1.8","latest.json",19
2026-10-09,"v0.1.9","Riffle-0.1.9-1.x86_64.rpm",0
2026-10-09,"v0.1.9","Riffle-0.1.9-1.x86_64.rpm.sig",0
2026-10-09,"v0.1.9","Riffle_0.1.9_aarch64.dmg",0
2026-10-09,"v0.1.9","Riffle_0.1.9_amd64.AppImage",0
2026-10-09,"v0.1.9","Riffle_0.1.9_amd64.AppImage.sig",0
2026-10-09,"v0.1.9","Riffle_0.1.9_amd64.deb",0
2026-10-09,"v0.1.9","Riffle_0.1.9_amd64.deb.sig",0
2026-10-09,"v0.1.9","Riffle_0.1.9_x64-setup.exe",2
2026-10-09,"v0.1.9","Riffle_0.1.9_x64-setup.exe.sig",0
2026-10-09,"v0.1.9","Riffle_0.1.9_x64.dmg",0
2026-10-09,"v0.1.9","Riffle_0.1.9_x64_en-US.msi",0
2026-10-09,"v0.1.9","Riffle_0.1.9_x64_en-US.msi.sig",0
2026-10-09,"v0.1.9","Riffle_aarch64.app.tar.gz",0
2026-10-09,"v0.1.9","Riffle_aarch64.app.tar.gz.sig",0
2026-10-09,"v0.1.9","Riffle_x64.app.tar.gz",0
2026-10-09,"v0.1.9","Riffle_x64.app.tar.gz.sig",0
2026-10-09,"v0.1.9","latest.json",18
2026-10-09,"v0.2.0","Riffle-0.2.0-1.x86_64.rpm",0
2026-10-09,"v0.2.0","Riffle-0.2.0-1.x86_64.rpm.sig",0
2026-10-09,"v0.2.0","Riffle_0.2.0_aarch64.dmg",0
2026-10-09,"v0.2.0","Riffle_0.2.0_amd64.AppImage",0
2026-10-09,"v0.2.0","Riffle_0.2.0_amd64.AppImage.sig",0
2026-10-09,"v0.2.0","Riffle_0.2.0_amd64.deb",0
2026-10-09,"v0.2.0","Riffle_0.2.0_amd64.deb.sig",0
2026-10-09,"v0.2.0","Riffle_0.2.0_x64-setup.exe",1
2026-10-09,"v0.2.0","Riffle_0.2.0_x64-setup.exe.sig",0
2026-10-09,"v0.2.0","Riffle_0.2.0_x64.dmg",0
2026-10-09,"v0.2.0","Riffle_0.2.0_x64_en-US.msi",0
2026-10-09,"v0.2.0","Riffle_0.2.0_x64_en-US.msi.sig",0
2026-10-09,"v0.2.0","Riffle_aarch64.app.tar.gz",0
2026-10-09,"v0.2.0","Riffle_aarch64.app.tar.gz.sig",0
2026-10-09,"v0.2.0","Riffle_x64.app.tar.gz",0
2026-10-09,"v0.2.0","Riffle_x64.app.tar.gz.sig",0
2026-10-09,"v0.2.0","latest.json",2
2026-10-09,"v0.2.1","Riffle-0.2.1-1.x86_64.rpm",0
2026-10-09,"v0.2.1","Riffle-0.2.1-1.x86_64.rpm.sig",0
2026-10-09,"v0.2.1","Riffle_0.2.1_aarch64.dmg",0
2026-10-09,"v0.2.1","Riffle_0.2.1_amd64.AppImage",1
2026-10-09,"v0.2.1","Riffle_0.2.1_amd64.AppImage.sig",0
2026-10-09,"v0.2.1","Riffle_0.2.1_amd64.deb",0
2026-10-09,"v0.2.1","Riffle_0.2.1_amd64.deb.sig",0
2026-10-09,"v0.2.1","Riffle_0.2.1_x64-setup.exe",0
2026-10-09,"v0.2.1","Riffle_0.2.1_x64-setup.exe.sig",0
2026-10-09,"v0.2.1","Riffle_0.2.1_x64.dmg",0
2026-10-09,"v0.2.1","Riffle_0.2.1_x64_en-US.msi",0
2026-10-09,"v0.2.1","Riffle_0.2.1_x64_en-US.msi.sig",0
2026-10-09,"v0.2.1","Riffle_aarch64.app.tar.gz",0
2026-10-09,"v0.2.1","Riffle_aarch64.app.tar.gz.sig",0
2026-10-09,"v0.2.1","Riffle_x64.app.tar.gz",0
2026-10-09,"v0.2.1","Riffle_x64.app.tar.gz.sig",0
2026-10-09,"v0.2.1","latest.json",3
2026-10-09,"v0.2.2","Riffle-0.2.2-1.x86_64.rpm",0
2026-10-09,"v0.2.2","Riffle-0.2.2-1.x86_64.rpm.sig",0
2026-10-09,"v0.2.2","Riffle_0.2.2_aarch64.dmg",0
2026-10-09,"v0.2.2","Riffle_0.2.2_amd64.AppImage",0
2026-10-09,"v0.2.2","Riffle_0.2.2_amd64.AppImage.sig",0
2026-10-09,"v0.2.2","Riffle_0.2.2_amd64.deb",0
2026-10-09,"v0.2.2","Riffle_0.2.2_amd64.deb.sig",0
2026-10-09,"v0.2.2","Riffle_0.2.2_x64-setup.exe",1
2026-10-09,"v0.2.2","Riffle_0.2.2_x64-setup.exe.sig",0
2026-10-09,"v0.2.2","Riffle_0.2.2_x64.dmg",0
2026-10-09,"v0.2.2","Riffle_0.2.2_x64_en-US.msi",0
2026-10-09,"v0.2.2","Riffle_0.2.2_x64_en-US.msi.sig",0
2026-10-09,"v0.2.2","Riffle_aarch64.app.tar.gz",0
2026-10-09,"v0.2.2","Riffle_aarch64.app.tar.gz.sig",0
2026-10-09,"v0.2.2","Riffle_x64.app.tar.gz",0
2026-10-09,"v0.2.2","Riffle_x64.app.tar.gz.sig",0
2026-10-09,"v0.2.2","latest.json",1
2026-10-09,"v0.3.0","Riffle-0.3.0-1.x86_64.rpm",0
2026-10-09,"v0.3.0","Riffle-0.3.0-1.x86_64.rpm.sig",0
2026-10-09,"v0.3.0","Riffle_0.3.0_aarch64.dmg",0
2026-10-09,"v0.3.0","Riffle_0.3.0_amd64.AppImage",0
2026-10-09,"v0.3.0","Riffle_0.3.0_amd64.AppImage.sig",0
2026-10-09,"v0.3.0","Riffle_0.3.0_amd64.deb",0
2026-10-09,"v0.3.0","Riffle_0.3.0_amd64.deb.sig",0
2026-10-09,"v0.3.0","Riffle_0.3.0_x64-setup.exe",1
2026-10-09,"v0.3.0","Riffle_0.3.0_x64-setup.exe.sig",0
2026-10-09,"v0.3.0","Riffle_0.3.0_x64.dmg",0
2026-10-09,"v0.3.0","Riffle_0.3.0_x64_en-US.msi",0
2026-10-09,"v0.3.0","Riffle_0.3.0_x64_en-US.msi.sig",0
2026-10-09,"v0.3.0","Riffle_aarch64.app.tar.gz",0
2026-10-09,"v0.3.0","Riffle_aarch64.app.tar.gz.sig",0
2026-10-09,"v0.3.0","Riffle_x64.app.tar.gz",0
2026-10-09,"v0.3.0","Riffle_x64.app.tar.gz.sig",0
2026-10-09,"v0.3.0","latest.json",7
2026-10-09,"v0.3.1","Riffle-0.3.1-1.x86_64.rpm",0
2026-10-09,"v0.3.1","Riffle-0.3.1-1.x86_64.rpm.sig",0
2026-10-09,"v0.3.1","Riffle_0.3.1_aarch64.dmg",0
2026-10-09,"v0.3.1","Riffle_0.3.1_amd64.AppImage",0
2026-10-09,"v0.3.1","Riffle_0.3.1_amd64.AppImage.sig",0
2026-10-09,"v0.3.1","Riffle_0.3.1_amd64.deb",0
2026-10-09,"v0.3.1","Riffle_0.3.1_amd64.deb.sig",0
2026-10-09,"v0.3.1","Riffle_0.3.1_x64-setup.exe",2
2026-10-09,"v0.3.1","Riffle_0.3.1_x64-setup.exe.sig",0
2026-10-09,"v0.3.1","Riffle_0.3.1_x64.dmg",0
2026-10-09,"v0.3.1","Riffle_0.3.1_x64_en-US.msi",0
2026-10-09,"v0.3.1","Riffle_0.3.1_x64_en-US.msi.sig",0
2026-10-09,"v0.3.1","Riffle_aarch64.app.tar.gz",1
2026-10-09,"v0.3.1","Riffle_aarch64.app.tar.gz.sig",0
2026-10-09,"v0.3.1","Riffle_x64.app.tar.gz",0
2026-10-09,"v0.3.1","Riffle_x64.app.tar.gz.sig",0
2026-10-09,"v0.3.1","latest.json",4
2026-10-09,"v0.4.0","Riffle-0.4.0-1.x86_64.rpm",0
2026-10-09,"v0.4.0","Riffle-0.4.0-1.x86_64.rpm.sig",0
2026-10-09,"v0.4.0","Riffle_0.4.0_aarch64.dmg",0
2026-10-09,"v0.4.0","Riffle_0.4.0_amd64.AppImage",0
2026-10-09,"v0.4.0","Riffle_0.4.0_amd64.AppImage.sig",0
2026-10-09,"v0.4.0","Riffle_0.4.0_amd64.deb",0
2026-10-09,"v0.4.0","Riffle_0.4.0_amd64.deb.sig",0
2026-10-09,"v0.4.0","Riffle_0.4.0_x64-setup.exe",1
2026-10-09,"v0.4.0","Riffle_0.4.0_x64-setup.exe.sig",0
2026-10-09,"v0.4.0","Riffle_0.4.0_x64.dmg",0
2026-10-09,"v0.4.0","Riffle_0.4.0_x64_en-US.msi",0
2026-10-09,"v0.4.0","Riffle_0.4.0_x64_en-US.msi.sig",0
2026-10-09,"v0.4.0","Riffle_aarch64.app.tar.gz",0
2026-10-09,"v0.4.0","Riffle_aarch64.app.tar.gz.sig",0
2026-10-09,"v0.4.0","Riffle_x64.app.tar.gz",0
2026-10-09,"v0.4.0","Riffle_x64.app.tar.gz.sig",0
2026-10-09,"v0.4.0","latest.json",26
2026-10-09,"v1.0.0","Riffle-1.0.0-1.x86_64.rpm",0
2026-10-09,"v1.0.0","Riffle-1.0.0-1.x86_64.rpm.sig",0
2026-10-09,"v1.0.0","Riffle_1.0.0_aarch64.dmg",0
2026-10-09,"v1.0.0","Riffle_1.0.0_amd64.AppImage",0
2026-10-09,"v1.0.0","Riffle_1.0.0_amd64.AppImage.sig",0
2026-10-09,"v1.0.0","Riffle_1.0.0_amd64.deb",0
2026-10-09,"v1.0.0","Riffle_1.0.0_amd64.deb.sig",0
2026-10-09,"v1.0.0","Riffle_1.0.0_x64-setup.exe",1
2026-10-09,"v1.0.0","Riffle_1.0.0_x64-setup.exe.sig",0
2026-10-09,"v1.0.0","Riffle_1.0.0_x64.dmg",0
2026-10-09,"v1.0.0","Riffle_1.0.0_x64_en-US.msi",0
2026-10-09,"v1.0.0","Riffle_1.0.0_x64_en-US.msi.sig",0
2026-10-09,"v1.0.0","Riffle_aarch64.app.tar.gz",0
2026-10-09,"v1.0.0","Riffle_aarch64.app.tar.gz.sig",0
2026-10-09,"v1.0.0","Riffle_x64.app.tar.gz",0
2026-10-09,"v1.0.0","Riffle_x64.app.tar.gz.sig",0
2026-10-09,"v1.0.0","latest.json",7
2026-10-09,"v1.1.0","Riffle-1.1.0-1.x86_64.rpm",0
2026-10-09,"v1.1.0","Riffle-1.1.0-1.x86_64.rpm.sig",0
2026-10-09,"v1.1.0","Riffle_1.1.0_aarch64.dmg",0
2026-10-09,"v1.1.0","Riffle_1.1.0_amd64.AppImage",0
2026-10-09,"v1.1.0","Riffle_1.1.0_amd64.AppImage.sig",0
2026-10-09,"v1.1.0","Riffle_1.1.0_amd64.deb",0
2026-10-09,"v1.1.0","Riffle_1.1.0_amd64.deb.sig",0
2026-10-09,"v1.1.0","Riffle_1.1.0_x64-setup.exe",0
2026-10-09,"v1.1.0","Riffle_1.1.0_x64-setup.exe.sig",0
2026-10-09,"v1.1.0","Riffle_1.1.0_x64.dmg",0
2026-10-09,"v1.1.0","Riffle_1.1.0_x64_en-US.msi",0
2026-10-09,"v1.1.0","Riffle_1.1.0_x64_en-US.msi.sig",0
2026-10-09,"v1.1.0","Riffle_aarch64.app.tar.gz",0
2026-10-09,"v1.1.0","Riffle_aarch64.app.tar.gz.sig",0
2026-10-09,"v1.1.0","Riffle_x64.app.tar.gz",0
2026-10-09,"v1.1.0","Riffle_x64.app.tar.gz.sig",0
2026-10-09,"v1.1.0","latest.json",18
2026-10-09,"v1.2.0","Riffle-1.2.0-1.x86_64.rpm",0
2026-10-09,"v1.2.0","Riffle-1.2.0-1.x86_64.rpm.sig",0
2026-10-09,"v1.2.0","Riffle_1.2.0_aarch64.dmg",0
2026-10-09,"v1.2.0","Riffle_1.2.0_amd64.AppImage",0
2026-10-09,"v1.2.0","Riffle_1.2.0_amd64.AppImage.sig",0
2026-10-09,"v1.2.0","Riffle_1.2.0_amd64.deb",0
2026-10-09,"v1.2.0","Riffle_1.2.0_amd64.deb.sig",0
2026-10-09,"v1.2.0","Riffle_1.2.0_x64-setup.exe",0
2026-10-09,"v1.2.0","Riffle_1.2.0_x64-setup.exe.sig",0
2026-10-09,"v1.2.0","Riffle_1.2.0_x64.dmg",0
2026-10-09,"v1.2.0","Riffle_1.2.0_x64_en-US.msi",0
2026-10-09,"v1.2.0","Riffle_1.2.0_x64_en-US.msi.sig",0
2026-10-09,"v1.2.0","Riffle_aarch64.app.tar.gz",0
2026-10-09,"v1.2.0","Riffle_aarch64.app.tar.gz.sig",0
2026-10-09,"v1.2.0","Riffle_x64.app.tar.gz",0
2026-10-09,"v1.2.0","Riffle_x64.app.tar.gz.sig",0
2026-10-09,"v1.2.0","latest.json",3
2026-10-09,"v1.3.0","Riffle-1.3.0-1.x86_64.rpm",0
2026-10-09,"v1.3.0","Riffle-1.3.0-1.x86_64.rpm.sig",0
2026-10-09,"v1.3.0","Riffle_1.3.0_aarch64.dmg",0
2026-10-09,"v1.3.0","Riffle_1.3.0_amd64.AppImage",1
2026-10-09,"v1.3.0","Riffle_1.3.0_amd64.AppImage.sig",0
2026-10-09,"v1.3.0","Riffle_1.3.0_amd64.deb",0
2026-10-09,"v1.3.0","Riffle_1.3.0_amd64.deb.sig",0
2026-10-09,"v1.3.0","Riffle_1.3.0_x64-setup.exe",0
2026-10-09,"v1.3.0","Riffle_1.3.0_x64-setup.exe.sig",0
2026-10-09,"v1.3.0","Riffle_1.3.0_x64.dmg",0
2026-10-09,"v1.3.0","Riffle_1.3.0_x64_en-US.msi",0
2026-10-09,"v1.3.0","Riffle_1.3.0_x64_en-US.msi.sig",0
2026-10-09,"v1.3.0","Riffle_aarch64.app.tar.gz",0
2026-10-09,"v1.3.0","Riffle_aarch64.app.tar.gz.sig",0
2026-10-09,"v1.3.0","Riffle_x64.app.tar.gz",0
2026-10-09,"v1.3.0","Riffle_x64.app.tar.gz.sig",0
2026-10-09,"v1.3.0","latest.json",6
2026-10-09,"v1.4.0","Riffle-1.4.0-1.x86_64.rpm",0
2026-10-09,"v1.4.0","Riffle-1.4.0-1.x86_64.rpm.sig",0
2026-10-09,"v1.4.0","Riffle_1.4.0_aarch64.dmg",0
2026-10-09,"v1.4.0","Riffle_1.4.0_amd64.AppImage",0
2026-10-09,"v1.4.0","Riffle_1.4.0_amd64.AppImage.sig",0
2026-10-09,"v1.4.0","Riffle_1.4.0_amd64.deb",0
2026-10-09,"v1.4.0","Riffle_1.4.0_amd64.deb.sig",0
2026-10-09,"v1.4.0","Riffle_1.4.0_x64-setup.exe",0
2026-10-09,"v1.4.0","Riffle_1.4.0_x64-setup.exe.sig",0
2026-10-09,"v1.4.0","Riffle_1.4.0_x64.dmg",0
2026-10-09,"v1.4.0","Riffle_1.4.0_x64_en-US.msi",0
2026-10-09,"v1.4.0","Riffle_1.4.0_x64_en-US.msi.sig",0
2026-10-09,"v1.4.0","Riffle_aarch64.app.tar.gz",0
2026-10-09,"v1.4.0","Riffle_aarch64.app.tar.gz.sig",0
2026-10-09,"v1.4.0","Riffle_x64.app.tar.gz",0
2026-10-09,"v1.4.0","Riffle_x64.app.tar.gz.sig",0
2026-10-09,"v1.4.0","latest.json",14
2026-10-09,"v1.5.0","Riffle-1.5.0-1.x86_64.rpm",0
2026-10-09,"v1.5.0","Riffle-1.5.0-1.x86_64.rpm.sig",0
2026-10-09,"v1.5.0","Riffle_1.5.0_aarch64.dmg",4
2026-10-09,"v1.5.0","Riffle_1.5.0_amd64.AppImage",0
2026-10-09,"v1.5.0","Riffle_1.5.0_amd64.AppImage.sig",0
2026-10-09,"v1.5.0","Riffle_1.5.0_amd64.deb",0
2026-10-09,"v1.5.0","Riffle_1.5.0_amd64.deb.sig",0
2026-10-09,"v1.5.0","Riffle_1.5.0_x64-setup.exe",5
2026-10-09,"v1.5.0","Riffle_1.5.0_x64-setup.exe.sig",0
2026-10-09,"v1.5.0","Riffle_1.5.0_x64.dmg",0
2026-10-09,"v1.5.0","Riffle_1.5.0_x64_en-US.msi",0
2026-10-09,"v1.5.0","Riffle_1.5.0_x64_en-US.msi.sig",0
2026-10-09,"v1.5.0","Riffle_aarch64.app.tar.gz",0
2026-10-09,"v1.5.0","Riffle_aarch64.app.tar.gz.sig",0
2026-10-09,"v1.5.0","Riffle_x64.app.tar.gz",0
2026-10-09,"v1.5.0","Riffle_x64.app.tar.gz.sig",0
2026-10-09,"v1.5.0","latest.json",53
2026-10-10,"v0.1.0","Riffle-0.1.0-1.x86_64.rpm",0
2026-10-10,"v0.1.0","Riffle-0.1.0-1.x86_64.rpm.sig",0
2026-10-10,"v0.1.0","Riffle_0.1.0_aarch64.dmg",0
2026-10-10,"v0.1.0","Riffle_0.1.0_amd64.AppImage",0
2026-10-10,"v0.1.0","Riffle_0.1.0_amd64.AppImage.sig",0
2026-10-10,"v0.1.0","Riffle_0.1.0_amd64.deb",0
2026-10-10,"v0.1.0","Riffle_0.1.0_amd64.deb.sig",0
2026-10-10,"v0.1.0","Riffle_0.1.0_x64-setup.exe",0
2026-10-10,"v0.1.0","Riffle_0.1.0_x64-setup.exe.sig",0
2026-10-10,"v0.1.0","Riffle_0.1.0_x64.dmg",0
2026-10-10,"v0.1.0","Riffle_0.1.0_x64_en-US.msi",0
2026-10-10,"v0.1.0","Riffle_0.1.0_x64_en-US.msi.sig",0
2026-10-10,"v0.1.0","Riffle_aarch64.app.tar.gz",0
2026-10-10,"v0.1.0","Riffle_aarch64.app.tar.gz.sig",0
2026-10-10,"v0.1.0","Riffle_x64.app.tar.gz",0
2026-10-10,"v0.1.0","Riffle_x64.app.tar.gz.sig",0
2026-10-10,"v0.1.0","latest.json",14
2026-10-10,"v0.1.1","Riffle-0.1.1-1.x86_64.rpm",0
2026-10-10,"v0.1.1","Riffle-0.1.1-1.x86_64.rpm.sig",0
2026-10-10,"v0.1.1","Riffle_0.1.1_aarch64.dmg",1
2026-10-10,"v0.1.1","Riffle_0.1.1_amd64.AppImage",0
2026-10-10,"v0.1.1","Riffle_0.1.1_amd64.AppImage.sig",0
2026-10-10,"v0.1.1","Riffle_0.1.1_amd64.deb",0
2026-10-10,"v0.1.1","Riffle_0.1.1_amd64.deb.sig",0
2026-10-10,"v0.1.1","Riffle_0.1.1_x64-setup.exe",0
2026-10-10,"v0.1.1","Riffle_0.1.1_x64-setup.exe.sig",0
2026-10-10,"v0.1.1","Riffle_0.1.1_x64.dmg",0
2026-10-10,"v0.1.1","Riffle_0.1.1_x64_en-US.msi",0
2026-10-10,"v0.1.1","Riffle_0.1.1_x64_en-US.msi.sig",0
2026-10-10,"v0.1.1","Riffle_aarch64.app.tar.gz",0
2026-10-10,"v0.1.1","Riffle_aarch64.app.tar.gz.sig",0
2026-10-10,"v0.1.1","Riffle_x64.app.tar.gz",0
2026-10-10,"v0.1.1","Riffle_x64.app.tar.gz.sig",0
2026-10-10,"v0.1.1","latest.json",6
2026-10-10,"v0.1.10","Riffle-0.1.10-1.x86_64.rpm",0
2026-10-10,"v0.1.10","Riffle-0.1.10-1.x86_64.rpm.sig",0
2026-10-10,"v0.1.10","Riffle_0.1.10_aarch64.dmg",0
2026-10-10,"v0.1.10","Riffle_0.1.10_amd64.AppImage",0
2026-10-10,"v0.1.10","Riffle_0.1.10_amd64.AppImage.sig",0
2026-10-10,"v0.1.10","Riffle_0.1.10_amd64.deb",0
2026-10-10,"v0.1.10","Riffle_0.1.10_amd64.deb.sig",0
2026-10-10,"v0.1.10","Riffle_0.1.10_x64-setup.exe",0
2026-10-10,"v0.1.10","Riffle_0.1.10_x64-setup.exe.sig",0
2026-10-10,"v0.1.10","Riffle_0.1.10_x64.dmg",0
2026-10-10,"v0.1.10","Riffle_0.1.10_x64_en-US.msi",0
2026-10-10,"v0.1.10","Riffle_0.1.10_x64_en-US.msi.sig",0
2026-10-10,"v0.1.10","Riffle_aarch64.app.tar.gz",0
2026-10-10,"v0.1.10","Riffle_aarch64.app.tar.gz.sig",0
2026-10-10,"v0.1.10","Riffle_x64.app.tar.gz",0
2026-10-10,"v0.1.10","Riffle_x64.app.tar.gz.sig",0
2026-10-10,"v0.1.10","latest.json",5
2026-10-10,"v0.1.2","Riffle-0.1.2-1.x86_64.rpm",0
2026-10-10,"v0.1.2","Riffle-0.1.2-1.x86_64.rpm.sig",0
2026-10-10,"v0.1.2","Riffle_0.1.2_aarch64.dmg",0
2026-10-10,"v0.1.2","Riffle_0.1.2_amd64.AppImage",0
2026-10-10,"v0.1.2","Riffle_0.1.2_amd64.AppImage.sig",0
2026-10-10,"v0.1.2","Riffle_0.1.2_amd64.deb",0
2026-10-10,"v0.1.2","Riffle_0.1.2_amd64.deb.sig",0
2026-10-10,"v0.1.2","Riffle_0.1.2_x64-setup.exe",1
2026-10-10,"v0.1.2","Riffle_0.1.2_x64-setup.exe.sig",0
2026-10-10,"v0.1.2","Riffle_0.1.2_x64.dmg",0
2026-10-10,"v0.1.2","Riffle_0.1.2_x64_en-US.msi",0
2026-10-10,"v0.1.2","Riffle_0.1.2_x64_en-US.msi.sig",0
2026-10-10,"v0.1.2","Riffle_aarch64.app.tar.gz",1
2026-10-10,"v0.1.2","Riffle_aarch64.app.tar.gz.sig",0
2026-10-10,"v0.1.2","Riffle_x64.app.tar.gz",0
2026-10-10,"v0.1.2","Riffle_x64.app.tar.gz.sig",0
2026-10-10,"v0.1.2","latest.json",3
2026-10-10,"v0.1.3","Riffle-0.1.3-1.x86_64.rpm",0
2026-10-10,"v0.1.3","Riffle-0.1.3-1.x86_64.rpm.sig",0
2026-10-10,"v0.1.3","Riffle_0.1.3_aarch64.dmg",0
2026-10-10,"v0.1.3","Riffle_0.1.3_amd64.AppImage",0
2026-10-10,"v0.1.3","Riffle_0.1.3_amd64.AppImage.sig",0
2026-10-10,"v0.1.3","Riffle_0.1.3_amd64.deb",0
2026-10-10,"v0.1.3","Riffle_0.1.3_amd64.deb.sig",0
2026-10-10,"v0.1.3","Riffle_0.1.3_x64-setup.exe",1
2026-10-10,"v0.1.3","Riffle_0.1.3_x64-setup.exe.sig",0
2026-10-10,"v0.1.3","Riffle_0.1.3_x64.dmg",0
2026-10-10,"v0.1.3","Riffle_0.1.3_x64_en-US.msi",0
2026-10-10,"v0.1.3","Riffle_0.1.3_x64_en-US.msi.sig",0
2026-10-10,"v0.1.3","Riffle_aarch64.app.tar.gz",0
2026-10-10,"v0.1.3","Riffle_aarch64.app.tar.gz.sig",0
2026-10-10,"v0.1.3","Riffle_x64.app.tar.gz",0
2026-10-10,"v0.1.3","Riffle_x64.app.tar.gz.sig",0
2026-10-10,"v0.1.3","latest.json",0
2026-10-10,"v0.1.4","Riffle-0.1.4-1.x86_64.rpm",0
2026-10-10,"v0.1.4","Riffle-0.1.4-1.x86_64.rpm.sig",0
2026-10-10,"v0.1.4","Riffle_0.1.4_aarch64.dmg",0
2026-10-10,"v0.1.4","Riffle_0.1.4_amd64.AppImage",0
2026-10-10,"v0.1.4","Riffle_0.1.4_amd64.AppImage.sig",0
2026-10-10,"v0.1.4","Riffle_0.1.4_amd64.deb",0
2026-10-10,"v0.1.4","Riffle_0.1.4_amd64.deb.sig",0
2026-10-10,"v0.1.4","Riffle_0.1.4_x64-setup.exe",0
2026-10-10,"v0.1.4","Riffle_0.1.4_x64-setup.exe.sig",0
2026-10-10,"v0.1.4","Riffle_0.1.4_x64.dmg",0
2026-10-10,"v0.1.4","Riffle_0.1.4_x64_en-US.msi",0
2026-10-10,"v0.1.4","Riffle_0.1.4_x64_en-US.msi.sig",0
2026-10-10,"v0.1.4","Riffle_aarch64.app.tar.gz",0
2026-10-10,"v0.1.4","Riffle_aarch64.app.tar.gz.sig",0
2026-10-10,"v0.1.4","Riffle_x64.app.tar.gz",0
2026-10-10,"v0.1.4","Riffle_x64.app.tar.gz.sig",0
2026-10-10,"v0.1.4","latest.json",4
2026-10-10,"v0.1.5","Riffle-0.1.5-1.x86_64.rpm",0
2026-10-10,"v0.1.5","Riffle-0.1.5-1.x86_64.rpm.sig",0
2026-10-10,"v0.1.5","Riffle_0.1.5_aarch64.dmg",0
2026-10-10,"v0.1.5","Riffle_0.1.5_amd64.AppImage",0
2026-10-10,"v0.1.5","Riffle_0.1.5_amd64.AppImage.sig",0
2026-10-10,"v0.1.5","Riffle_0.1.5_amd64.deb",0
2026-10-10,"v0.1.5","Riffle_0.1.5_amd64.deb.sig",0
2026-10-10,"v0.1.5","Riffle_0.1.5_x64-setup.exe",1
2026-10-10,"v0.1.5","Riffle_0.1.5_x64-setup.exe.sig",0
2026-10-10,"v0.1.5","Riffle_0.1.5_x64.dmg",0
2026-10-10,"v0.1.5","Riffle_0.1.5_x64_en-US.msi",0
2026-10-10,"v0.1.5","Riffle_0.1.5_x64_en-US.msi.sig",0
2026-10-10,"v0.1.5","Riffle_aarch64.app.tar.gz",1
2026-10-10,"v0.1.5","Riffle_aarch64.app.tar.gz.sig",0
2026-10-10,"v0.1.5","Riffle_x64.app.tar.gz",0
2026-10-10,"v0.1.5","Riffle_x64.app.tar.gz.sig",0
2026-10-10,"v0.1.5","latest.json",15
2026-10-10,"v0.1.6","Riffle-0.1.6-1.x86_64.rpm",0
2026-10-10,"v0.1.6","Riffle-0.1.6-1.x86_64.rpm.sig",0
2026-10-10,"v0.1.6","Riffle_0.1.6_aarch64.dmg",0
2026-10-10,"v0.1.6","Riffle_0.1.6_amd64.AppImage",0
2026-10-10,"v0.1.6","Riffle_0.1.6_amd64.AppImage.sig",0
2026-10-10,"v0.1.6","Riffle_0.1.6_amd64.deb",0
2026-10-10,"v0.1.6","Riffle_0.1.6_amd64.deb.sig",0
2026-10-10,"v0.1.6","Riffle_0.1.6_x64-setup.exe",0
2026-10-10,"v0.1.6","Riffle_0.1.6_x64-setup.exe.sig",0
2026-10-10,"v0.1.6","Riffle_0.1.6_x64.dmg",0
2026-10-10,"v0.1.6","Riffle_0.1.6_x64_en-US.msi",0
2026-10-10,"v0.1.6","Riffle_0.1.6_x64_en-US.msi.sig",0
2026-10-10,"v0.1.6","Riffle_aarch64.app.tar.gz",0
2026-10-10,"v0.1.6","Riffle_aarch64.app.tar.gz.sig",0
2026-10-10,"v0.1.6","Riffle_x64.app.tar.gz",0
2026-10-10,"v0.1.6","Riffle_x64.app.tar.gz.sig",0
2026-10-10,"v0.1.6","latest.json",10
2026-10-10,"v0.1.7","Riffle-0.1.7-1.x86_64.rpm",0
2026-10-10,"v0.1.7","Riffle-0.1.7-1.x86_64.rpm.sig",0
2026-10-10,"v0.1.7","Riffle_0.1.7_aarch64.dmg",0
2026-10-10,"v0.1.7","Riffle_0.1.7_amd64.AppImage",0
2026-10-10,"v0.1.7","Riffle_0.1.7_amd64.AppImage.sig",0
2026-10-10,"v0.1.7","Riffle_0.1.7_amd64.deb",0
2026-10-10,"v0.1.7","Riffle_0.1.7_amd64.deb.sig",0
2026-10-10,"v0.1.7","Riffle_0.1.7_x64-setup.exe",0
2026-10-10,"v0.1.7","Riffle_0.1.7_x64-setup.exe.sig",0
2026-10-10,"v0.1.7","Riffle_0.1.7_x64.dmg",0
2026-10-10,"v0.1.7","Riffle_0.1.7_x64_en-US.msi",0
2026-10-10,"v0.1.7","Riffle_0.1.7_x64_en-US.msi.sig",0
2026-10-10,"v0.1.7","Riffle_aarch64.app.tar.gz",0
2026-10-10,"v0.1.7","Riffle_aarch64.app.tar.gz.sig",0
2026-10-10,"v0.1.7","Riffle_x64.app.tar.gz",0
2026-10-10,"v0.1.7","Riffle_x64.app.tar.gz.sig",0
2026-10-10,"v0.1.7","latest.json",13
2026-10-10,"v0.1.8","Riffle-0.1.8-1.x86_64.rpm",0
2026-10-10,"v0.1.8","Riffle-0.1.8-1.x86_64.rpm.sig",0
2026-10-10,"v0.1.8","Riffle_0.1.8_aarch64.dmg",0
2026-10-10,"v0.1.8","Riffle_0.1.8_amd64.AppImage",0
2026-10-10,"v0.1.8","Riffle_0.1.8_amd64.AppImage.sig",0
2026-10-10,"v0.1.8","Riffle_0.1.8_amd64.deb",0
2026-10-10,"v0.1.8","Riffle_0.1.8_amd64.deb.sig",0
2026-10-10,"v0.1.8","Riffle_0.1.8_x64-setup.exe",0
2026-10-10,"v0.1.8","Riffle_0.1.8_x64-setup.exe.sig",0
2026-10-10,"v0.1.8","Riffle_0.1.8_x64.dmg",0
2026-10-10,"v0.1.8","Riffle_0.1.8_x64_en-US.msi",0
2026-10-10,"v0.1.8","Riffle_0.1.8_x64_en-US.msi.sig",0
2026-10-10,"v0.1.8","Riffle_aarch64.app.tar.gz",1
2026-10-10,"v0.1.8","Riffle_aarch64.app.tar.gz.sig",0
2026-10-10,"v0.1.8","Riffle_x64.app.tar.gz",0
2026-10-10,"v0.1.8","Riffle_x64.app.tar.gz.sig",0
2026-10-10,"v0.1.8","latest.json",19
2026-10-10,"v0.1.9","Riffle-0.1.9-1.x86_64.rpm",0
2026-10-10,"v0.1.9","Riffle-0.1.9-1.x86_64.rpm.sig",0
2026-10-10,"v0.1.9","Riffle_0.1.9_aarch64.dmg",0
2026-10-10,"v0.1.9","Riffle_0.1.9_amd64.AppImage",0
2026-10-10,"v0.1.9","Riffle_0.1.9_amd64.AppImage.sig",0
2026-10-10,"v0.1.9","Riffle_0.1.9_amd64.deb",0
2026-10-10,"v0.1.9","Riffle_0.1.9_amd64.deb.sig",0
2026-10-10,"v0.1.9","Riffle_0.1.9_x64-setup.exe",2
2026-10-10,"v0.1.9","Riffle_0.1.9_x64-setup.exe.sig",0
2026-10-10,"v0.1.9","Riffle_0.1.9_x64.dmg",0
2026-10-10,"v0.1.9","Riffle_0.1.9_x64_en-US.msi",0
2026-10-10,"v0.1.9","Riffle_0.1.9_x64_en-US.msi.sig",0
2026-10-10,"v0.1.9","Riffle_aarch64.app.tar.gz",0
2026-10-10,"v0.1.9","Riffle_aarch64.app.tar.gz.sig",0
2026-10-10,"v0.1.9","Riffle_x64.app.tar.gz",0
2026-10-10,"v0.1.9","Riffle_x64.app.tar.gz.sig",0
2026-10-10,"v0.1.9","latest.json",18
2026-10-10,"v0.2.0","Riffle-0.2.0-1.x86_64.rpm",0
2026-10-10,"v0.2.0","Riffle-0.2.0-1.x86_64.rpm.sig",0
2026-10-10,"v0.2.0","Riffle_0.2.0_aarch64.dmg",0
2026-10-10,"v0.2.0","Riffle_0.2.0_amd64.AppImage",0
2026-10-10,"v0.2.0","Riffle_0.2.0_amd64.AppImage.sig",0
2026-10-10,"v0.2.0","Riffle_0.2.0_amd64.deb",0
2026-10-10,"v0.2.0","Riffle_0.2.0_amd64.deb.sig",0
2026-10-10,"v0.2.0","Riffle_0.2.0_x64-setup.exe",1
2026-10-10,"v0.2.0","Riffle_0.2.0_x64-setup.exe.sig",0
2026-10-10,"v0.2.0","Riffle_0.2.0_x64.dmg",0
2026-10-10,"v0.2.0","Riffle_0.2.0_x64_en-US.msi",0
2026-10-10,"v0.2.0","Riffle_0.2.0_x64_en-US.msi.sig",0
2026-10-10,"v0.2.0","Riffle_aarch64.app.tar.gz",0
2026-10-10,"v0.2.0","Riffle_aarch64.app.tar.gz.sig",0
2026-10-10,"v0.2.0","Riffle_x64.app.tar.gz",0
2026-10-10,"v0.2.0","Riffle_x64.app.tar.gz.sig",0
2026-10-10,"v0.2.0","latest.json",2
2026-10-10,"v0.2.1","Riffle-0.2.1-1.x86_64.rpm",0
2026-10-10,"v0.2.1","Riffle-0.2.1-1.x86_64.rpm.sig",0
2026-10-10,"v0.2.1","Riffle_0.2.1_aarch64.dmg",0
2026-10-10,"v0.2.1","Riffle_0.2.1_amd64.AppImage",1
2026-10-10,"v0.2.1","Riffle_0.2.1_amd64.AppImage.sig",0
2026-10-10,"v0.2.1","Riffle_0.2.1_amd64.deb",0
2026-10-10,"v0.2.1","Riffle_0.2.1_amd64.deb.sig",0
2026-10-10,"v0.2.1","Riffle_0.2.1_x64-setup.exe",0
2026-10-10,"v0.2.1","Riffle_0.2.1_x64-setup.exe.sig",0
2026-10-10,"v0.2.1","Riffle_0.2.1_x64.dmg",0
2026-10-10,"v0.2.1","Riffle_0.2.1_x64_en-US.msi",0
2026-10-10,"v0.2.1","Riffle_0.2.1_x64_en-US.msi.sig",0
2026-10-10,"v0.2.1","Riffle_aarch64.app.tar.gz",0
2026-10-10,"v0.2.1","Riffle_aarch64.app.tar.gz.sig",0
2026-10-10,"v0.2.1","Riffle_x64.app.tar.gz",0
2026-10-10,"v0.2.1","Riffle_x64.app.tar.gz.sig",0
2026-10-10,"v0.2.1","latest.json",3
2026-10-10,"v0.2.2","Riffle-0.2.2-1.x86_64.rpm",0
2026-10-10,"v0.2.2","Riffle-0.2.2-1.x86_64.rpm.sig",0
2026-10-10,"v0.2.2","Riffle_0.2.2_aarch64.dmg",0
2026-10-10,"v0.2.2","Riffle_0.2.2_amd64.AppImage",0
2026-10-10,"v0.2.2","Riffle_0.2.2_amd64.AppImage.sig",0
2026-10-10,"v0.2.2","Riffle_0.2.2_amd64.deb",0
2026-10-10,"v0.2.2","Riffle_0.2.2_amd64.deb.sig",0
2026-10-10,"v0.2.2","Riffle_0.2.2_x64-setup.exe",1
2026-10-10,"v0.2.2","Riffle_0.2.2_x64-setup.exe.sig",0
2026-10-10,"v0.2.2","Riffle_0.2.2_x64.dmg",0
2026-10-10,"v0.2.2","Riffle_0.2.2_x64_en-US.msi",0
2026-10-10,"v0.2.2","Riffle_0.2.2_x64_en-US.msi.sig",0
2026-10-10,"v0.2.2","Riffle_aarch64.app.tar.gz",0
2026-10-10,"v0.2.2","Riffle_aarch64.app.tar.gz.sig",0
2026-10-10,"v0.2.2","Riffle_x64.app.tar.gz",0
2026-10-10,"v0.2.2","Riffle_x64.app.tar.gz.sig",0
2026-10-10,"v0.2.2","latest.json",1
2026-10-10,"v0.3.0","Riffle-0.3.0-1.x86_64.rpm",0
2026-10-10,"v0.3.0","Riffle-0.3.0-1.x86_64.rpm.sig",0
2026-10-10,"v0.3.0","Riffle_0.3.0_aarch64.dmg",0
2026-10-10,"v0.3.0","Riffle_0.3.0_amd64.AppImage",0
2026-10-10,"v0.3.0","Riffle_0.3.0_amd64.AppImage.sig",0
2026-10-10,"v0.3.0","Riffle_0.3.0_amd64.deb",0
2026-10-10,"v0.3.0","Riffle_0.3.0_amd64.deb.sig",0
2026-10-10,"v0.3.0","Riffle_0.3.0_x64-setup.exe",1
2026-10-10,"v0.3.0","Riffle_0.3.0_x64-setup.exe.sig",0
2026-10-10,"v0.3.0","Riffle_0.3.0_x64.dmg",0
2026-10-10,"v0.3.0","Riffle_0.3.0_x64_en-US.msi",0
2026-10-10,"v0.3.0","Riffle_0.3.0_x64_en-US.msi.sig",0
2026-10-10,"v0.3.0","Riffle_aarch64.app.tar.gz",0
2026-10-10,"v0.3.0","Riffle_aarch64.app.tar.gz.sig",0
2026-10-10,"v0.3.0","Riffle_x64.app.tar.gz",0
2026-10-10,"v0.3.0","Riffle_x64.app.tar.gz.sig",0
2026-10-10,"v0.3.0","latest.json",7
2026-10-10,"v0.3.1","Riffle-0.3.1-1.x86_64.rpm",0
2026-10-10,"v0.3.1","Riffle-0.3.1-1.x86_64.rpm.sig",0
2026-10-10,"v0.3.1","Riffle_0.3.1_aarch64.dmg",0
2026-10-10,"v0.3.1","Riffle_0.3.1_amd64.AppImage",0
2026-10-10,"v0.3.1","Riffle_0.3.1_amd64.AppImage.sig",0
2026-10-10,"v0.3.1","Riffle_0.3.1_amd64.deb",0
2026-10-10,"v0.3.1","Riffle_0.3.1_amd64.deb.sig",0
2026-10-10,"v0.3.1","Riffle_0.3.1_x64-setup.exe",2
2026-10-10,"v0.3.1","Riffle_0.3.1_x64-setup.exe.sig",0
2026-10-10,"v0.3.1","Riffle_0.3.1_x64.dmg",0
2026-10-10,"v0.3.1","Riffle_0.3.1_x64_en-US.msi",0
2026-10-10,"v0.3.1","Riffle_0.3.1_x64_en-US.msi.sig",0
2026-10-10,"v0.3.1","Riffle_aarch64.app.tar.gz",1
2026-10-10,"v0.3.1","Riffle_aarch64.app.tar.gz.sig",0
2026-10-10,"v0.3.1","Riffle_x64.app.tar.gz",0
2026-10-10,"v0.3.1","Riffle_x64.app.tar.gz.sig",0
2026-10-10,"v0.3.1","latest.json",4
2026-10-10,"v0.4.0","Riffle-0.4.0-1.x86_64.rpm",0
2026-10-10,"v0.4.0","Riffle-0.4.0-1.x86_64.rpm.sig",0
2026-10-10,"v0.4.0","Riffle_0.4.0_aarch64.dmg",0
2026-10-10,"v0.4.0","Riffle_0.4.0_amd64.AppImage",0
2026-10-10,"v0.4.0","Riffle_0.4.0_amd64.AppImage.sig",0
2026-10-10,"v0.4.0","Riffle_0.4.0_amd64.deb",0
2026-10-10,"v0.4.0","Riffle_0.4.0_amd64.deb.sig",0
2026-10-10,"v0.4.0","Riffle_0.4.0_x64-setup.exe",1
2026-10-10,"v0.4.0","Riffle_0.4.0_x64-setup.exe.sig",0
2026-10-10,"v0.4.0","Riffle_0.4.0_x64.dmg",0
2026-10-10,"v0.4.0","Riffle_0.4.0_x64_en-US.msi",0
2026-10-10,"v0.4.0","Riffle_0.4.0_x64_en-US.msi.sig",0
2026-10-10,"v0.4.0","Riffle_aarch64.app.tar.gz",0
2026-10-10,"v0.4.0","Riffle_aarch64.app.tar.gz.sig",0
2026-10-10,"v0.4.0","Riffle_x64.app.tar.gz",0
2026-10-10,"v0.4.0","Riffle_x64.app.tar.gz.sig",0
2026-10-10,"v0.4.0","latest.json",26
2026-10-10,"v1.0.0","Riffle-1.0.0-1.x86_64.rpm",0
2026-10-10,"v1.0.0","Riffle-1.0.0-1.x86_64.rpm.sig",0
2026-10-10,"v1.0.0","Riffle_1.0.0_aarch64.dmg",0
2026-10-10,"v1.0.0","Riffle_1.0.0_amd64.AppImage",0
2026-10-10,"v1.0.0","Riffle_1.0.0_amd64.AppImage.sig",0
2026-10-10,"v1.0.0","Riffle_1.0.0_amd64.deb",0
2026-10-10,"v1.0.0","Riffle_1.0.0_amd64.deb.sig",0
2026-10-10,"v1.0.0","Riffle_1.0.0_x64-setup.exe",1
2026-10-10,"v1.0.0","Riffle_1.0.0_x64-setup.exe.sig",0
2026-10-10,"v1.0.0","Riffle_1.0.0_x64.dmg",0
2026-10-10,"v1.0.0","Riffle_1.0.0_x64_en-US.msi",0
2026-10-10,"v1.0.0","Riffle_1.0.0_x64_en-US.msi.sig",0
2026-10-10,"v1.0.0","Riffle_aarch64.app.tar.gz",0
2026-10-10,"v1.0.0","Riffle_aarch64.app.tar.gz.sig",0
2026-10-10,"v1.0.0","Riffle_x64.app.tar.gz",0
2026-10-10,"v1.0.0","Riffle_x64.app.tar.gz.sig",0
2026-10-10,"v1.0.0","latest.json",7
2026-10-10,"v1.1.0","Riffle-1.1.0-1.x86_64.rpm",0
2026-10-10,"v1.1.0","Riffle-1.1.0-1.x86_64.rpm.sig",0
2026-10-10,"v1.1.0","Riffle_1.1.0_aarch64.dmg",0
2026-10-10,"v1.1.0","Riffle_1.1.0_amd64.AppImage",0
2026-10-10,"v1.1.0","Riffle_1.1.0_amd64.AppImage.sig",0
2026-10-10,"v1.1.0","Riffle_1.1.0_amd64.deb",0
2026-10-10,"v1.1.0","Riffle_1.1.0_amd64.deb.sig",0
2026-10-10,"v1.1.0","Riffle_1.1.0_x64-setup.exe",0
2026-10-10,"v1.1.0","Riffle_1.1.0_x64-setup.exe.sig",0
2026-10-10,"v1.1.0","Riffle_1.1.0_x64.dmg",0
2026-10-10,"v1.1.0","Riffle_1.1.0_x64_en-US.msi",0
2026-10-10,"v1.1.0","Riffle_1.1.0_x64_en-US.msi.sig",0
2026-10-10,"v1.1.0","Riffle_aarch64.app.tar.gz",0
2026-10-10,"v1.1.0","Riffle_aarch64.app.tar.gz.sig",0
2026-10-10,"v1.1.0","Riffle_x64.app.tar.gz",0
2026-10-10,"v1.1.0","Riffle_x64.app.tar.gz.sig",0
2026-10-10,"v1.1.0","latest.json",18
2026-10-10,"v1.2.0","Riffle-1.2.0-1.x86_64.rpm",0
2026-10-10,"v1.2.0","Riffle-1.2.0-1.x86_64.rpm.sig",0
2026-10-10,"v1.2.0","Riffle_1.2.0_aarch64.dmg",0
2026-10-10,"v1.2.0","Riffle_1.2.0_amd64.AppImage",0
2026-10-10,"v1.2.0","Riffle_1.2.0_amd64.AppImage.sig",0
2026-10-10,"v1.2.0","Riffle_1.2.0_amd64.deb",0
2026-10-10,"v1.2.0","Riffle_1.2.0_amd64.deb.sig",0
2026-10-10,"v1.2.0","Riffle_1.2.0_x64-setup.exe",0
2026-10-10,"v1.2.0","Riffle_1.2.0_x64-setup.exe.sig",0
2026-10-10,"v1.2.0","Riffle_1.2.0_x64.dmg",0
2026-10-10,"v1.2.0","Riffle_1.2.0_x64_en-US.msi",0
2026-10-10,"v1.2.0","Riffle_1.2.0_x64_en-US.msi.sig",0
2026-10-10,"v1.2.0","Riffle_aarch64.app.tar.gz",0
2026-10-10,"v1.2.0","Riffle_aarch64.app.tar.gz.sig",0
2026-10-10,"v1.2.0","Riffle_x64.app.tar.gz",0
2026-10-10,"v1.2.0","Riffle_x64.app.tar.gz.sig",0
2026-10-10,"v1.2.0","latest.json",3
2026-10-10,"v1.3.0","Riffle-1.3.0-1.x86_64.rpm",0
2026-10-10,"v1.3.0","Riffle-1.3.0-1.x86_64.rpm.sig",0
2026-10-10,"v1.3.0","Riffle_1.3.0_aarch64.dmg",0
2026-10-10,"v1.3.0","Riffle_1.3.0_amd64.AppImage",1
2026-10-10,"v1.3.0","Riffle_1.3.0_amd64.AppImage.sig",0
2026-10-10,"v1.3.0","Riffle_1.3.0_amd64.deb",0
2026-10-10,"v1.3.0","Riffle_1.3.0_amd64.deb.sig",0
2026-10-10,"v1.3.0","Riffle_1.3.0_x64-setup.exe",0
2026-10-10,"v1.3.0","Riffle_1.3.0_x64-setup.exe.sig",0
2026-10-10,"v1.3.0","Riffle_1.3.0_x64.dmg",0
2026-10-10,"v1.3.0","Riffle_1.3.0_x64_en-US.msi",0
2026-10-10,"v1.3.0","Riffle_1.3.0_x64_en-US.msi.sig",0
2026-10-10,"v1.3.0","Riffle_aarch64.app.tar.gz",0
2026-10-10,"v1.3.0","Riffle_aarch64.app.tar.gz.sig",0
2026-10-10,"v1.3.0","Riffle_x64.app.tar.gz",0
2026-10-10,"v1.3.0","Riffle_x64.app.tar.gz.sig",0
2026-10-10,"v1.3.0","latest.json",6
2026-10-10,"v1.4.0","Riffle-1.4.0-1.x86_64.rpm",0
2026-10-10,"v1.4.0","Riffle-1.4.0-1.x86_64.rpm.sig",0
2026-10-10,"v1.4.0","Riffle_1.4.0_aarch64.dmg",0
2026-10-10,"v1.4.0","Riffle_1.4.0_amd64.AppImage",0
2026-10-10,"v1.4.0","Riffle_1.4.0_amd64.AppImage.sig",0
2026-10-10,"v1.4.0","Riffle_1.4.0_amd64.deb",0
2026-10-10,"v1.4.0","Riffle_1.4.0_amd64.deb.sig",0
2026-10-10,"v1.4.0","Riffle_1.4.0_x64-setup.exe",0
2026-10-10,"v1.4.0","Riffle_1.4.0_x64-setup.exe.sig",0
2026-10-10,"v1.4.0","Riffle_1.4.0_x64.dmg",0
2026-10-10,"v1.4.0","Riffle_1.4.0_x64_en-US.msi",0
2026-10-10,"v1.4.0","Riffle_1.4.0_x64_en-US.msi.sig",0
2026-10-10,"v1.4.0","Riffle_aarch64.app.tar.gz",0
2026-10-10,"v1.4.0","Riffle_aarch64.app.tar.gz.sig",0
2026-10-10,"v1.4.0","Riffle_x64.app.tar.gz",0
2026-10-10,"v1.4.0","Riffle_x64.app.tar.gz.sig",0
2026-10-10,"v1.4.0","latest.json",14
2026-10-10,"v1.5.0","Riffle-1.5.0-1.x86_64.rpm",0
2026-10-10,"v1.5.0","Riffle-1.5.0-1.x86_64.rpm.sig",0
2026-10-10,"v1.5.0","Riffle_1.5.0_aarch64.dmg",4
2026-10-10,"v1.5.0","Riffle_1.5.0_amd64.AppImage",0
2026-10-10,"v1.5.0","Riffle_1.5.0_amd64.AppImage.sig",0
2026-10-10,"v1.5.0","Riffle_1.5.0_amd64.deb",0
2026-10-10,"v1.5.0","Riffle_1.5.0_amd64.deb.sig",0
2026-10-10,"v1.5.0","Riffle_1.5.0_x64-setup.exe",6
2026-10-10,"v1.5.0","Riffle_1.5.0_x64-setup.exe.sig",0
2026-10-10,"v1.5.0","Riffle_1.5.0_x64.dmg",0
2026-10-10,"v1.5.0","Riffle_1.5.0_x64_en-US.msi",0
2026-10-10,"v1.5.0","Riffle_1.5.0_x64_en-US.msi.sig",0
2026-10-10,"v1.5.0","Riffle_aarch64.app.tar.gz",0
2026-10-10,"v1.5.0","Riffle_aarch64.app.tar.gz.sig",0
2026-10-10,"v1.5.0","Riffle_x64.app.tar.gz",0
2026-10-10,"v1.5.0","Riffle_x64.app.tar.gz.sig",0
2026-10-10,"v1.5.0","latest.json",68
